th{
    Countries{
        TH{"ไทย"}
        CN{"จีน"}
        GB{"สหราชอาณาจักร"}
        US{"สหรัฐอเมริกา"}
        JP{"ญี่ปุ่น"}
        KR{"เกาหลีใต้"}
        FR{"ฝรั่งเศส"}
        DE{"เยอรมนี"}
        IT{"อิตาลี"}
        ES{"สเปน"}
        RU{"รัสเซีย"}
        PL{"โปแลนด์"}
        UA{"ยูเครน"}
        GD{"เกรเนดา"}
        KP{"เกาหลีเหนือ"}
        GS{"เกาะเซาท์จอร์เจียและหมู่เกาะเซาท์แซนด์วิช"}
        IM{"เกาะแมน"}
        CX{"เกาะคริสต์มาส"}
        NF{"เกาะนอร์ฟอล์ก"}
        GG{"เกิร์นซีย์"}
        KE{"เคนยา"}
        CV{"เคปเวิร์ด"}
        JE{"เจอร์ซีย์"}
        CZ{"เช็ก"}
        SC{"เซเชลส์"}
        SN{"เซเนกัล"}
        SH{"เซนต์เฮเลนา"}
        KN{"เซนต์คิตส์และเนวิส"}
        BL{"เซนต์บาร์เธเลมี"}
        MF{"เซนต์มาร์ติน"}
        LC{"เซนต์ลูเซีย"}
        VC{"เซนต์วินเซนต์และเกรนาดีนส์"}
        RS{"เซอร์เบีย"}
        ST{"เซาตูเมและปรินซิปี"}
        SL{"เซียร์ราลีโอน"}
        DK{"เดนมาร์ก"}
        TM{"เติร์กเมนิสถาน"}
        NL{"เนเธอร์แลนด์"}
        BQ{"เนเธอร์แลนด์แคริบเบียน"}
        NP{"เนปาล"}
        BJ{"เบนิน"}
        BE{"เบลเยียม"}
        BY{"เบลารุส"}
        BZ{"เบลีซ"}
        BM{"เบอร์มิวดา"}
        PE{"เปรู"}
        PR{"เปอร์โตริโก"}
        GF{"เฟรนช์เกียนา"}
        TF{"เฟรนช์เซาเทิร์นเทร์ริทอรีส์"}
        PF{"เฟรนช์โปลินีเซีย"}
        MX{"เม็กซิโก"}
        MM{"เมียนมา (พม่า)"}
        YE{"เยเมน"}
        RE{"เรอูนียง"}
        LS{"เลโซโท"}
        LB{"เลบานอน"}
        VE{"เวเนซุเอลา"}
        VN{"เวียดนาม"}
        EC{"เอกวาดอร์"}
        ET{"เอธิโอเปีย"}
        ER{"เอริเทรีย"}
        SV{"เอลซัลวาดอร์"}
        EE{"เอสโตเนีย"}
        SZ{"เอสวาตีนี"}
        HT{"เฮติ"}
        GM{"แกมเบีย"}
        CM{"แคเมอรูน"}
        CA{"แคนาดา"}
        PM{"แซงปีแยร์และมีเกอลง"}
        ZM{"แซมเบีย"}
        TZ{"แทนซาเนีย"}
        AO{"แองโกลา"}
        AI{"แองกวิลลา"}
        AQ{"แอนตาร์กติกา"}
        AG{"แอนติกาและบาร์บูดา"}
        ZA{"แอฟริกาใต้"}
        AL{"แอลเบเนีย"}
        DZ{"แอลจีเรีย"}
        CI{"โกตดิวัวร์"}
        HR{"โครเอเชีย"}
        CO{"โคลอมเบีย"}
        SO{"โซมาเลีย"}
        DM{"โดมินิกา"}
        TK{"โตเกเลา"}
        TG{"โตโก"}
        BO{"โบลิเวีย"}
        PT{"โปรตุเกส"}
        MZ{"โมซัมบิก"}
        MC{"โมนาโก"}
        MA{"โมร็อกโก"}
        RO{"โรมาเนีย"}
        OM{"โอมาน"}
        CY{"ไซปรัส"}
        TW{"ไทเปประเทศจีน"}
        NE{"ไนเจอร์"}
        NG{"ไนจีเรีย"}
        FM{"ไมโครนีเซีย"}
        LR{"ไลบีเรีย"}
        IS{"ไอซ์แลนด์"}
        IE{"ไอร์แลนด์"}
        GR{"กรีซ"}
        GL{"กรีนแลนด์"}
        GU{"กวม"}
        GP{"กวาเดอลูป"}
        KH{"กัมพูชา"}
        GT{"กัวเตมาลา"}
        QA{"กาตาร์"}
        GH{"กานา"}
        GA{"กาบอง"}
        GY{"กายอานา"}
        GN{"กินี"}
        GW{"กินี-บิสเซา"}
        KM{"คอโมโรส"}
        CD{"คองโก - กินชาซา"}
        CG{"คองโก - บราซซาวิล"}
        CR{"คอสตาริกา"}
        KZ{"คาซัคสถาน"}
        KI{"คิริบาส"}
        CU{"คิวบา"}
        KG{"คีร์กีซสถาน"}
        KW{"คูเวต"}
        CW{"คูราเซา"}
        GE{"จอร์เจีย"}
        JO{"จอร์แดน"}
        JM{"จาเมกา"}
        DJ{"จิบูตี"}
        TD{"ชาด"}
        CL{"ชิลี"}
        SM{"ซานมาริโน"}
        WS{"ซามัว"}
        SA{"ซาอุดีอาระเบีย"}
        EH{"ซาฮาราตะวันตก"}
        SX{"ซินต์มาร์เทน"}
        ZW{"ซิมบับเว"}
        SY{"ซีเรีย"}
        SD{"ซูดาน"}
        SS{"ซูดานใต้"}
        SR{"ซูรินาเม"}
        TT{"ตรินิแดดและโตเบโก"}
        TO{"ตองกา"}
        TL{"ติมอร์-เลสเต"}
        TR{"ตุรกี"}
        TN{"ตูนิเซีย"}
        TV{"ตูวาลู"}
        TJ{"ทาจิกิสถาน"}
        VA{"นครวาติกัน"}
        NO{"นอร์เวย์"}
        NA{"นามิเบีย"}
        NR{"นาอูรู"}
        NI{"นิการากัว"}
        NC{"นิวแคลิโดเนีย"}
        NZ{"นิวซีแลนด์"}
        NU{"นีอูเอ"}
        BR{"บราซิล"}
        IO{"บริติชอินเดียนโอเชียนเทร์ริทอรี"}
        BN{"บรูไน"}
        BW{"บอตสวานา"}
        BA{"บอสเนียและเฮอร์เซโกวีนา"}
        BD{"บังกลาเทศ"}
        BG{"บัลแกเรีย"}
        BB{"บาร์เบโดส"}
        BH{"บาห์เรน"}
        BS{"บาฮามาส"}
        BI{"บุรุนดี"}
        BF{"บูร์กินาฟาโซ"}
        PS{"ปาเลสไตน์"}
        PW{"ปาเลา"}
        PK{"ปากีสถาน"}
        PA{"ปานามา"}
        PG{"ปาปัวนิวกินี"}
        PY{"ปารากวัย"}
        FJ{"ฟิจิ"}
        FI{"ฟินแลนด์"}
        PH{"ฟิลิปปินส์"}
        BT{"ภูฏาน"}
        MN{"มองโกเลีย"}
        ME{"มอนเตเนโกร"}
        MS{"มอนต์เซอร์รัต"}
        MU{"มอริเชียส"}
        MR{"มอริเตเนีย"}
        MD{"มอลโดวา"}
        MT{"มอลตา"}
        MV{"มัลดีฟส์"}
        MO{"มาเก๊า, จีน"}
        MY{"มาเลเซีย"}
        MK{"มาซิโดเนียเหนือ"}
        MG{"มาดากัสการ์"}
        YT{"มายอต"}
        MQ{"มาร์ตินีก"}
        MW{"มาลาวี"}
        ML{"มาลี"}
        GI{"ยิบรอลตาร์"}
        UG{"ยูกันดา"}
        RW{"รวันดา"}
        LU{"ลักเซมเบิร์ก"}
        LV{"ลัตเวีย"}
        LA{"ลาว"}
        LY{"ลิเบีย"}
        LI{"ลิกเตนสไตน์"}
        LT{"ลิทัวเนีย"}
        VU{"วานูอาตู"}
        WF{"วาลลิสและฟุตูนา"}
        LK{"ศรีลังกา"}
        SK{"สโลวะเกีย"}
        SI{"สโลวีเนีย"}
        SJ{"สฟาลบาร์และยานไมเอน"}
        CH{"สวิตเซอร์แลนด์"}
        SE{"สวีเดน"}
        AE{"สหรัฐอาหรับเอมิเรตส์"}
        CF{"สาธารณรัฐแอฟริกากลาง"}
        DO{"สาธารณรัฐโดมินิกัน"}
        SG{"สิงคโปร์"}
        KY{"หมู่เกาะเคย์แมน"}
        TC{"หมู่เกาะเติกส์และหมู่เกาะเคคอส"}
        VI{"หมู่เกาะเวอร์จินของสหรัฐอเมริกา"}
        FO{"หมู่เกาะแฟโร"}
        CC{"หมู่เกาะโคโคส (คีลิง)"}
        SB{"หมู่เกาะโซโลมอน"}
        AX{"หมู่เกาะโอลันด์"}
        CK{"หมู่เกาะคุก"}
        MP{"หมู่เกาะนอร์เทิร์นมาเรียนา"}
        VG{"หมู่เกาะบริติชเวอร์จิน"}
        PN{"หมู่เกาะพิตแคร์น"}
        FK{"หมู่เกาะฟอล์กแลนด์ (อิสลาส มาลวินาส)"}
        MH{"หมู่เกาะมาร์แชลล์"}
        UM{"หมู่เกาะรอบนอกของสหรัฐอเมริกา"}
        AS{"อเมริกันซามัว"}
        AU{"ออสเตรเลีย"}
        AT{"ออสเตรีย"}
        AD{"อันดอร์รา"}
        AF{"อัฟกานิสถาน"}
        AZ{"อาเซอร์ไบจาน"}
        AR{"อาร์เจนตินา"}
        AM{"อาร์เมเนีย"}
        AW{"อารูบา"}
        GQ{"อิเควทอเรียลกินี"}
        IN{"อินเดีย"}
        ID{"อินโดนีเซีย"}
        IQ{"อิรัก"}
        IL{"อิสราเอล"}
        IR{"อิหร่าน"}
        EG{"อียิปต์"}
        UZ{"อุซเบกิสถาน"}
        UY{"อุรุกวัย"}
        HK{"ฮ่องกงจีน"}
        HN{"ฮอนดูรัส"}
        HU{"ฮังการี"}
    }
}
