uk{
    Countries{
        UA{"Україна"}
        CN{"Китай"}
        GB{"Велика Британія"}
        US{"Сполучені Штати"}
        FR{"Франція"}
        DE{"Німеччина"}
        RU{"Росія"}
        PL{"Польща"}
        IT{"Італія"}
        ES{"Іспанія"}
        JP{"Японія"}
        KR{"Південна Корея"}
        TH{"Таїланд"}
        AU{"Австралія"}
        AT{"Австрія"}
        AZ{"Азербайджан"}
        AX{"Аландські Острови"}
        AL{"Албанія"}
        DZ{"Алжир"}
        AS{"Американське Самоа"}
        AI{"Ангілья"}
        AO{"Ангола"}
        AD{"Андорра"}
        AQ{"Антарктика"}
        AG{"Антигуа і Барбуда"}
        AR{"Аргентина"}
        AW{"Аруба"}
        AF{"Афганістан"}
        BS{"Багамські Острови"}
        BD{"Бангладеш"}
        BB{"Барбадос"}
        BH{"Бахрейн"}
        BZ{"Беліз"}
        BE{"Бельгія"}
        BJ{"Бенін"}
        BM{"Бермудські Острови"}
        BY{"Білорусь"}
        BG{"Болгарія"}
        BO{"Болівія"}
        BA{"Боснія і Герцеговина"}
        BW{"Ботсвана"}
        BR{"Бразилія"}
        IO{"Британська територія в Індійському Океані"}
        VG{"Британські Віргінські острови"}
        BN{"Бруней"}
        BF{"Буркіна-Фасо"}
        BI{"Бурунді"}
        BT{"Бутан"}
        VU{"Вануату"}
        VA{"Ватикан"}
        VE{"Венесуела"}
        VN{"Вʼєтнам"}
        UM{"Віддалені острови США"}
        VI{"Віргінські Острови (США)"}
        AM{"Вірменія"}
        GA{"Габон"}
        HT{"Гаїті"}
        GM{"Гамбія"}
        GH{"Гана"}
        GY{"Гаяна"}
        GP{"Гваделупа"}
        GT{"Гватемала"}
        GN{"Гвінея"}
        GW{"Гвінея-Бісау"}
        GG{"Гернсі"}
        GI{"Гібралтар"}
        HN{"Гондурас"}
        HK{"Гонконг, Китай"}
        GD{"Гренада"}
        GL{"Гренландія"}
        GR{"Греція"}
        GE{"Грузія"}
        GU{"Гуам"}
        DK{"Данія"}
        JE{"Джерсі"}
        DJ{"Джибуті"}
        DM{"Домініка"}
        DO{"Домініканська Республіка"}
        EC{"Еквадор"}
        GQ{"Екваторіальна Гвінея"}
        ER{"Еритрея"}
        SZ{"Есватіні"}
        EE{"Естонія"}
        ET{"Ефіопія"}
        EG{"Єгипет"}
        YE{"Ємен"}
        ZM{"Замбія"}
        EH{"Західна Сахара"}
        ZW{"Зімбабве"}
        JO{"Йорданія"}
        IL{"Ізраїль"}
        IN{"Індія"}
        ID{"Індонезія"}
        IQ{"Ірак"}
        IR{"Іран"}
        IE{"Ірландія"}
        IS{"Ісландія"}
        CV{"Кабо-Верде"}
        KZ{"Казахстан"}
        KY{"Кайманові Острови"}
        KH{"Камбоджа"}
        CM{"Камерун"}
        CA{"Канада"}
        BQ{"Карибські Нідерланди"}
        QA{"Катар"}
        KE{"Кенія"}
        KG{"Киргизстан"}
        CY{"Кіпр"}
        KI{"Кірибаті"}
        CC{"Кокосові (Кілінг) Острови"}
        CO{"Колумбія"}
        KM{"Комори"}
        CG{"Конго – Браззавіль"}
        CD{"Конго – Кіншаса"}
        CR{"Коста-Рика"}
        CI{"Кот-дʼІвуар"}
        CU{"Куба"}
        KW{"Кувейт"}
        CW{"Кюрасао"}
        LA{"Лаос"}
        LV{"Латвія"}
        LS{"Лесото"}
        LT{"Литва"}
        LR{"Ліберія"}
        LB{"Ліван"}
        LY{"Лівія"}
        LI{"Ліхтенштейн"}
        LU{"Люксембург"}
        MU{"Маврикій"}
        MR{"Мавританія"}
        MG{"Мадагаскар"}
        YT{"Майотта"}
        MO{"Макао, Китай"}
        MW{"Малаві"}
        MY{"Малайзія"}
        ML{"Малі"}
        MV{"Мальдіви"}
        MT{"Мальта"}
        MA{"Марокко"}
        MQ{"Мартиніка"}
        MH{"Маршаллові Острови"}
        MX{"Мексика"}
        FM{"Мікронезія"}
        MZ{"Мозамбік"}
        MD{"Молдова"}
        MC{"Монако"}
        MN{"Монголія"}
        MS{"Монтсеррат"}
        MM{"Мʼянма (Бірма)"}
        NA{"Намібія"}
        NR{"Науру"}
        NP{"Непал"}
        NE{"Нігер"}
        NG{"Нігерія"}
        NL{"Нідерланди"}
        NI{"Нікарагуа"}
        NU{"Ніуе"}
        NZ{"Нова Зеландія"}
        NC{"Нова Каледонія"}
        NO{"Норвегія"}
        AE{"Обʼєднані Арабські Емірати"}
        OM{"Оман"}
        IM{"Острів Мен"}
        NF{"Острів Норфолк"}
        CX{"Острів Різдва"}
        SH{"Острів Святої Єлени"}
        CK{"Острови Кука"}
        PN{"Острови Піткерн"}
        TC{"Острови Теркс і Кайкос"}
        PK{"Пакистан"}
        PW{"Палау"}
        PS{"Палестина"}
        PA{"Панама"}
        PG{"Папуа-Нова Гвінея"}
        PY{"Парагвай"}
        PE{"Перу"}
        GS{"Південна Джорджія та Південні Сандвічеві Острови"}
        SS{"Південний Судан"}
        ZA{"Південно-Африканська Республіка"}
        KP{"Північна Корея"}
        MK{"Північна Македонія"}
        MP{"Північні Маріанські Острови"}
        PT{"Португалія"}
        PR{"Пуерто-Рико"}
        RE{"Реюньйон"}
        RW{"Руанда"}
        RO{"Румунія"}
        SV{"Сальвадор"}
        WS{"Самоа"}
        SM{"Сан-Марино"}
        ST{"Сан-Томе і Принсіпі"}
        SA{"Саудівська Аравія"}
        SC{"Сейшельські Острови"}
        BL{"Сен-Бартелемі"}
        SN{"Сенегал"}
        MF{"Сен-Мартен"}
        PM{"Сен-Пʼєр і Мікелон"}
        VC{"Сент-Вінсент і Гренадіни"}
        KN{"Сент-Кітс і Невіс"}
        LC{"Сент-Люсія"}
        RS{"Сербія"}
        SY{"Сирія"}
        SG{"Сінгапур"}
        SX{"Сінт-Мартен"}
        SK{"Словаччина"}
        SI{"Словенія"}
        SB{"Соломонові Острови"}
        SO{"Сомалі"}
        SD{"Судан"}
        SR{"Суринам"}
        SL{"Сьєрра-Леоне"}
        TJ{"Таджикистан"}
        TW{"Тайбей, Китай"}
        TZ{"Танзанія"}
        TL{"Тімор-Лешті"}
        TG{"Того"}
        TK{"Токелау"}
        TO{"Тонга"}
        TT{"Тринідад і Тобаго"}
        TV{"Тувалу"}
        TN{"Туніс"}
        TR{"Туреччина"}
        TM{"Туркменістан"}
        UG{"Уганда"}
        HU{"Угорщина"}
        UZ{"Узбекистан"}
        WF{"Уолліс і Футуна"}
        UY{"Уругвай"}
        FO{"Фарерські Острови"}
        FJ{"Фіджі"}
        PH{"Філіппіни"}
        FI{"Фінляндія"}
        FK{"Фолклендські (Мальвінські) Острови"}
        GF{"Французька Гвіана"}
        PF{"Французька Полінезія"}
        TF{"Французькі Південні Території"}
        HR{"Хорватія"}
        CF{"Центральноафриканська Республіка"}
        TD{"Чад"}
        CZ{"Чехія"}
        CL{"Чилі"}
        ME{"Чорногорія"}
        CH{"Швейцарія"}
        SE{"Швеція"}
        SJ{"Шпіцберген та Ян-Маєн"}
        LK{"Шрі-Ланка"}
        JM{"Ямайка"}
    }
}
