// © 2016 and later: Unicode, Inc. and others.
// License & terms of use: http://www.unicode.org/copyright.html
// Generated using tools/cldr/cldr-to-icu/build-icu-data.xml
uk{
    zoneStrings{
        "Africa:Abidjan" {
            ec{"Абіджан"}
            gmt{"+0000"}
        }
        "Africa:Accra" {
            ec{"Аккра"}
            gmt{"+0000"}
        }
        "Africa:Addis_Ababa" {
            ec{"Аддис-Абеба"}
            gmt{"+0300"}
        }
        "Africa:Algiers" {
            ec{"Алжир"}
            gmt{"+0100"}
        }
        "Africa:Asmera" {
            ec{"Асмера"}
            gmt{"+0300"}
        }
        "Africa:Bamako" {
            ec{"Бамако"}
            gmt{"+0000"}
        }
        "Africa:Bangui" {
            ec{"Банґі"}
            gmt{"+0100"}
        }
        "Africa:Banjul" {
            ec{"Банжул"}
            gmt{"+0000"}
        }
        "Africa:Bissau" {
            ec{"Бісау"}
            gmt{"+0000"}
        }
        "Africa:Blantyre" {
            ec{"Блантайр"}
            gmt{"+0200"}
        }
        "Africa:Brazzaville" {
            ec{"Браззавіль"}
            gmt{"+0100"}
        }
        "Africa:Bujumbura" {
            ec{"Бужумбура"}
            gmt{"+0200"}
        }
        "Africa:Cairo" {
            ec{"Каїр"}
            gmt{"+0200"}
        }
        "Africa:Casablanca" {
            ec{"Касабланка"}
            gmt{"+0100"}
        }
        "Africa:Ceuta" {
            ec{"Сеута"}
            gmt{"+0100"}
        }
        "Africa:Conakry" {
            ec{"Конакрі"}
            gmt{"+0000"}
        }
        "Africa:Dakar" {
            ec{"Дакар"}
            gmt{"+0000"}
        }
        "Africa:Dar_es_Salaam" {
            ec{"Дар-ес-Салам"}
            gmt{"+0300"}
        }
        "Africa:Djibouti" {
            ec{"Джібуті"}
            gmt{"+0300"}
        }
        "Africa:Douala" {
            ec{"Дуала"}
            gmt{"+0100"}
        }
        "Africa:El_Aaiun" {
            ec{"Ель-Аюн"}
            gmt{"+0100"}
        }
        "Africa:Freetown" {
            ec{"Фрітаун"}
            gmt{"+0000"}
        }
        "Africa:Gaborone" {
            ec{"Ґабороне"}
            gmt{"+0200"}
        }
        "Africa:Harare" {
            ec{"Хараре"}
            gmt{"+0200"}
        }
        "Africa:Johannesburg" {
            ec{"Йоганнесбурґ"}
            gmt{"+0200"}
        }
        "Africa:Juba" {
            ec{"Джуба"}
            gmt{"+0200"}
        }
        "Africa:Kampala" {
            ec{"Кампала"}
            gmt{"+0300"}
        }
        "Africa:Khartoum" {
            ec{"Хартум"}
            gmt{"+0200"}
        }
        "Africa:Kigali" {
            ec{"Кігалі"}
            gmt{"+0200"}
        }
        "Africa:Kinshasa" {
            ec{"Кіншаса"}
            gmt{"+0100"}
        }
        "Africa:Lagos" {
            ec{"Лаґос"}
            gmt{"+0100"}
        }
        "Africa:Libreville" {
            ec{"Лібревіль"}
            gmt{"+0100"}
        }
        "Africa:Lome" {
            ec{"Ломе"}
            gmt{"+0000"}
        }
        "Africa:Luanda" {
            ec{"Луанда"}
            gmt{"+0100"}
        }
        "Africa:Lubumbashi" {
            ec{"Лубумбаші"}
            gmt{"+0200"}
        }
        "Africa:Lusaka" {
            ec{"Лусака"}
            gmt{"+0200"}
        }
        "Africa:Malabo" {
            ec{"Малабо"}
            gmt{"+0100"}
        }
        "Africa:Maputo" {
            ec{"Мапуту"}
            gmt{"+0200"}
        }
        "Africa:Maseru" {
            ec{"Масеру"}
            gmt{"+0200"}
        }
        "Africa:Mbabane" {
            ec{"Мбабане"}
            gmt{"+0200"}
        }
        "Africa:Mogadishu" {
            ec{"Моґадішо"}
            gmt{"+0300"}
        }
        "Africa:Monrovia" {
            ec{"Монровія"}
            gmt{"+0000"}
        }
        "Africa:Nairobi" {
            ec{"Найробі"}
            gmt{"+0300"}
        }
        "Africa:Ndjamena" {
            ec{"Нджамена"}
            gmt{"+0100"}
        }
        "Africa:Niamey" {
            ec{"Ніамей"}
            gmt{"+0100"}
        }
        "Africa:Nouakchott" {
            ec{"Нуакшотт"}
            gmt{"+0000"}
        }
        "Africa:Ouagadougou" {
            ec{"Уаґадуґу"}
            gmt{"+0000"}
        }
        "Africa:Porto-Novo"{
            ec{"Порто-Ново"}
        }
        "Africa:Sao_Tome" {
            ec{"Сан-Томе"}
            gmt{"+0000"}
        }
        "Africa:Tripoli" {
            ec{"Тріполі"}
            gmt{"+0200"}
        }
        "Africa:Tunis" {
            ec{"Туніс"}
            gmt{"+0100"}
        }
        "Africa:Windhoek" {
            ec{"Віндгук"}
            gmt{"+0200"}
        }
        "America:Adak" {
            ec{"Адак"}
            gmt{"-1000"}
        }
        "America:Anchorage" {
            ec{"Анкоридж"}
            gmt{"-0900"}
        }
        "America:Anguilla" {
            ec{"Анґілья"}
            gmt{"-0400"}
        }
        "America:Antigua" {
            ec{"Антиґуа"}
            gmt{"-0400"}
        }
        "America:Araguaina" {
            ec{"Араґуаіна"}
            gmt{"-0300"}
        }
        "America:Argentina:La_Rioja" {
            ec{"Ла-Ріоха"}
            gmt{"-0300"}
        }
        "America:Argentina:Rio_Gallegos" {
            ec{"Ріо-Ґальєґос"}
            gmt{"-0300"}
        }
        "America:Argentina:Salta" {
            ec{"Сальта"}
            gmt{"-0300"}
        }
        "America:Argentina:San_Juan" {
            ec{"Сан-Хуан"}
            gmt{"-0300"}
        }
        "America:Argentina:San_Luis" {
            ec{"Сан-Луїс"}
            gmt{"-0300"}
        }
        "America:Argentina:Tucuman" {
            ec{"Тукуман"}
            gmt{"-0300"}
        }
        "America:Argentina:Ushuaia" {
            ec{"Ушуая"}
            gmt{"-0300"}
        }
        "America:Aruba" {
            ec{"Аруба"}
            gmt{"-0400"}
        }
        "America:Asuncion" {
            ec{"Асунсьйон"}
            gmt{"-0300"}
        }
        "America:Bahia" {
            ec{"Байя"}
            gmt{"-0300"}
        }
        "America:Bahia_Banderas" {
            ec{"Баїя Бандерас"}
            gmt{"-0600"}
        }
        "America:Barbados" {
            ec{"Барбадос"}
            gmt{"-0400"}
        }
        "America:Belem" {
            ec{"Белен"}
            gmt{"-0300"}
        }
        "America:Belize" {
            ec{"Беліз"}
            gmt{"-0600"}
        }
        "America:Blanc-Sablon"{
            ec{"Блан-Саблон"}
        }
        "America:Boa_Vista" {
            ec{"Боа-Віста"}
            gmt{"-0400"}
        }
        "America:Bogota" {
            ec{"Боґота"}
            gmt{"-0500"}
        }
        "America:Boise" {
            ec{"Бойсе"}
            gmt{"-0700"}
        }
        "America:Buenos_Aires" {
            ec{"Буенос-Айрес"}
            gmt{"-0300"}
        }
        "America:Cambridge_Bay" {
            ec{"Кеймбрідж-Бей"}
            gmt{"-0700"}
        }
        "America:Campo_Grande" {
            ec{"Кампу-Ґранді"}
            gmt{"-0400"}
        }
        "America:Cancun" {
            ec{"Канкун"}
            gmt{"-0500"}
        }
        "America:Caracas" {
            ec{"Каракас"}
            gmt{"-0400"}
        }
        "America:Catamarca" {
            ec{"Катамарка"}
            gmt{"-0300"}
        }
        "America:Cayenne" {
            ec{"Каєнна"}
            gmt{"-0300"}
        }
        "America:Cayman" {
            ec{"Кайманові Острови"}
            gmt{"-0500"}
        }
        "America:Chicago" {
            ec{"Чікаґо"}
            gmt{"-0600"}
        }
        "America:Chihuahua" {
            ec{"Чіуауа"}
            gmt{"-0600"}
        }
        "America:Coral_Harbour" {
            ec{"Атікокан"}
            gmt{"-0500"}
        }
        "America:Cordoba" {
            ec{"Кордова"}
            gmt{"-0300"}
        }
        "America:Costa_Rica" {
            ec{"Коста-Ріка"}
            gmt{"-0600"}
        }
        "America:Creston" {
            ec{"Крестон"}
            gmt{"-0700"}
        }
        "America:Cuiaba" {
            ec{"Куяба"}
            gmt{"-0400"}
        }
        "America:Curacao" {
            ec{"Кюрасао"}
            gmt{"-0400"}
        }
        "America:Danmarkshavn" {
            ec{"Денмарксхавн"}
            gmt{"+0000"}
        }
        "America:Dawson" {
            ec{"Доусон"}
            gmt{"-0700"}
        }
        "America:Dawson_Creek" {
            ec{"Доусон-Крік"}
            gmt{"-0700"}
        }
        "America:Denver" {
            ec{"Денвер"}
            gmt{"-0700"}
        }
        "America:Detroit" {
            ec{"Детройт"}
            gmt{"-0500"}
        }
        "America:Dominica" {
            ec{"Домініка"}
            gmt{"-0400"}
        }
        "America:Edmonton" {
            ec{"Едмонтон"}
            gmt{"-0700"}
        }
        "America:Eirunepe" {
            ec{"Ейрунепе"}
            gmt{"-0500"}
        }
        "America:El_Salvador" {
            ec{"Сальвадор"}
            gmt{"-0600"}
        }
        "America:Fort_Nelson" {
            ec{"Форт Нельсон"}
            gmt{"-0700"}
        }
        "America:Fortaleza" {
            ec{"Форталеза"}
            gmt{"-0300"}
        }
        "America:Glace_Bay" {
            ec{"Ґлейс-Бей"}
            gmt{"-0400"}
        }
        "America:Godthab" {
            ec{"Нуук"}
            gmt{"-0300"}
        }
        "America:Goose_Bay" {
            ec{"Ґус-Бей"}
            gmt{"-0400"}
        }
        "America:Grand_Turk" {
            ec{"Ґранд-Терк"}
            gmt{"-0500"}
        }
        "America:Grenada" {
            ec{"Ґренада"}
            gmt{"-0400"}
        }
        "America:Guadeloupe" {
            ec{"Ґваделупа"}
            gmt{"-0400"}
        }
        "America:Guatemala" {
            ec{"Ґватемала"}
            gmt{"-0600"}
        }
        "America:Guayaquil" {
            ec{"Ґуаякіль"}
            gmt{"-0500"}
        }
        "America:Guyana" {
            ec{"Ґайана"}
            gmt{"-0400"}
        }
        "America:Halifax" {
            ec{"Галіфакс"}
            gmt{"-0400"}
        }
        "America:Havana" {
            ec{"Гавана"}
            gmt{"-0500"}
        }
        "America:Hermosillo" {
            ec{"Ермосільйо"}
            gmt{"-0700"}
        }
        "America:Indiana:Knox" {
            ec{"Нокс, Індіана"}
            gmt{"-0600"}
        }
        "America:Indiana:Marengo" {
            ec{"Маренго, Індіана"}
            gmt{"-0500"}
        }
        "America:Indiana:Petersburg" {
            ec{"Пітерсберг, Індіана"}
            gmt{"-0500"}
        }
        "America:Indiana:Tell_City" {
            ec{"Телл-Сіті, Індіана"}
            gmt{"-0600"}
        }
        "America:Indiana:Vevay" {
            ec{"Вівей, Індіана"}
            gmt{"-0500"}
        }
        "America:Indiana:Vincennes" {
            ec{"Вінсенс, Індіана"}
            gmt{"-0500"}
        }
        "America:Indiana:Winamac" {
            ec{"Вінамак, Індіана"}
            gmt{"-0500"}
        }
        "America:Indianapolis" {
            ec{"Індіанаполіс"}
            gmt{"-0500"}
        }
        "America:Inuvik" {
            ec{"Інувік"}
            gmt{"-0700"}
        }
        "America:Iqaluit" {
            ec{"Ікалуїт"}
            gmt{"-0500"}
        }
        "America:Jamaica" {
            ec{"Ямайка"}
            gmt{"-0500"}
        }
        "America:Jujuy" {
            ec{"Жужуй"}
            gmt{"-0300"}
        }
        "America:Juneau" {
            ec{"Джуно"}
            gmt{"-0900"}
        }
        "America:Kentucky:Monticello" {
            ec{"Монтіселло, Кентуккі"}
            gmt{"-0500"}
        }
        "America:Kralendijk" {
            ec{"Кралендейк"}
            gmt{"-0400"}
        }
        "America:La_Paz" {
            ec{"Ла-Пас"}
            gmt{"-0400"}
        }
        "America:Lima" {
            ec{"Ліма"}
            gmt{"-0500"}
        }
        "America:Los_Angeles" {
            ec{"Лос-Анджелес"}
            gmt{"-0800"}
        }
        "America:Louisville" {
            ec{"Луїсвілл"}
            gmt{"-0500"}
        }
        "America:Lower_Princes" {
            ec{"Лоуер-Принсес-Квотер"}
            gmt{"-0400"}
        }
        "America:Maceio" {
            ec{"Масейо"}
            gmt{"-0300"}
        }
        "America:Managua" {
            ec{"Манаґуа"}
            gmt{"-0600"}
        }
        "America:Manaus" {
            ec{"Манаус"}
            gmt{"-0400"}
        }
        "America:Marigot" {
            ec{"Маріґо"}
            gmt{"-0400"}
        }
        "America:Martinique" {
            ec{"Мартініка"}
            gmt{"-0400"}
        }
        "America:Matamoros" {
            ec{"Матаморос"}
            gmt{"-0600"}
        }
        "America:Mazatlan" {
            ec{"Масатлан"}
            gmt{"-0700"}
        }
        "America:Mendoza" {
            ec{"Мендоса"}
            gmt{"-0300"}
        }
        "America:Menominee" {
            ec{"Меноміні"}
            gmt{"-0600"}
        }
        "America:Merida" {
            ec{"Меріда"}
            gmt{"-0600"}
        }
        "America:Metlakatla" {
            ec{"Метлакатла"}
            gmt{"-0900"}
        }
        "America:Mexico_City" {
            ec{"Мехіко"}
            gmt{"-0600"}
        }
        "America:Miquelon" {
            ec{"Мікелон"}
            gmt{"-0300"}
        }
        "America:Moncton" {
            ec{"Монктон"}
            gmt{"-0400"}
        }
        "America:Monterrey" {
            ec{"Монтерей"}
            gmt{"-0600"}
        }
        "America:Montevideo" {
            ec{"Монтевідео"}
            gmt{"-0300"}
        }
        "America:Montserrat" {
            ec{"Монтсеррат"}
            gmt{"-0400"}
        }
        "America:Nassau" {
            ec{"Насау"}
            gmt{"-0500"}
        }
        "America:New_York" {
            ec{"Нью-Йорк"}
            gmt{"-0500"}
        }
        "America:Nipigon" {
            ec{"Ніпігон"}
            gmt{"-0500"}
        }
        "America:Nome" {
            ec{"Ном"}
            gmt{"-0900"}
        }
        "America:Noronha" {
            ec{"Норонья"}
            gmt{"-0200"}
        }
        "America:North_Dakota:Beulah" {
            ec{"Бʼюла, Північна Дакота"}
            gmt{"-0600"}
        }
        "America:North_Dakota:Center" {
            ec{"Сентр, Північна Дакота"}
            gmt{"-0600"}
        }
        "America:North_Dakota:New_Salem" {
            ec{"Нью-Салем, Північна Дакота"}
            gmt{"-0600"}
        }
        "America:Ojinaga" {
            ec{"Охінаґа"}
            gmt{"-0600"}
        }
        "America:Panama" {
            ec{"Панама"}
            gmt{"-0500"}
        }
        "America:Pangnirtung" {
            ec{"Панґніртанґ"}
            gmt{"-0500"}
        }
        "America:Paramaribo" {
            ec{"Парамарибо"}
            gmt{"-0300"}
        }
        "America:Phoenix" {
            ec{"Фінікс"}
            gmt{"-0700"}
        }
        "America:Port-au-Prince"{
            ec{"Порт-о-Пренс"}
        }
        "America:Port_of_Spain" {
            ec{"Порт-оф-Спейн"}
            gmt{"-0400"}
        }
        "America:Porto_Velho" {
            ec{"Порту-Велью"}
            gmt{"-0400"}
        }
        "America:Puerto_Rico" {
            ec{"Пуерто-Ріко"}
            gmt{"-0400"}
        }
        "America:Punta_Arenas" {
            ec{"Пунта-Аренас"}
            gmt{"-0300"}
        }
        "America:Rainy_River" {
            ec{"Рейні-Рівер"}
            gmt{"-0600"}
        }
        "America:Rankin_Inlet" {
            ec{"Ренкін-Інлет"}
            gmt{"-0600"}
        }
        "America:Recife" {
            ec{"Ресіфі"}
            gmt{"-0300"}
        }
        "America:Regina" {
            ec{"Реджайна"}
            gmt{"-0600"}
        }
        "America:Resolute" {
            ec{"Резольют"}
            gmt{"-0600"}
        }
        "America:Rio_Branco" {
            ec{"Ріо-Бранко"}
            gmt{"-0500"}
        }
        "America:Santa_Isabel" {
            ec{"Санта-Ісабель"}
            gmt{"-0800"}
        }
        "America:Santarem" {
            ec{"Сантарен"}
            gmt{"-0300"}
        }
        "America:Santiago" {
            ec{"Сантьяґо"}
            gmt{"-0300"}
        }
        "America:Santo_Domingo" {
            ec{"Санто-Домінґо"}
            gmt{"-0400"}
        }
        "America:Sao_Paulo" {
            ec{"Сан-Паулу"}
            gmt{"-0300"}
        }
        "America:Scoresbysund" {
            ec{"Іттоккортоорміут"}
            gmt{"-0100"}
        }
        "America:Sitka" {
            ec{"Сітка"}
            gmt{"-0900"}
        }
        "America:St_Barthelemy" {
            ec{"Сен-Бартелемі"}
            gmt{"-0400"}
        }
        "America:St_Johns" {
            ec{"Сент-Джонс"}
            gmt{"-0430"}
        }
        "America:St_Kitts" {
            ec{"Сент-Кіттс"}
            gmt{"-0400"}
        }
        "America:St_Lucia" {
            ec{"Сент-Люсія"}
            gmt{"-0400"}
        }
        "America:St_Thomas" {
            ec{"Сент-Томас"}
            gmt{"-0400"}
        }
        "America:St_Vincent" {
            ec{"Сент-Вінсент"}
            gmt{"-0400"}
        }
        "America:Swift_Current" {
            ec{"Свіфт-Каррент"}
            gmt{"-0600"}
        }
        "America:Tegucigalpa" {
            ec{"Теґусіґальпа"}
            gmt{"-0600"}
        }
        "America:Thule" {
            ec{"Туле"}
            gmt{"-0400"}
        }
        "America:Thunder_Bay" {
            ec{"Тандер-Бей"}
            gmt{"-0500"}
        }
        "America:Tijuana" {
            ec{"Тіхуана"}
            gmt{"-0800"}
        }
        "America:Toronto" {
            ec{"Торонто"}
            gmt{"-0500"}
        }
        "America:Tortola" {
            ec{"Тортола"}
            gmt{"-0400"}
        }
        "America:Vancouver" {
            ec{"Ванкувер"}
            gmt{"-0800"}
        }
        "America:Whitehorse" {
            ec{"Вайтгорс"}
            gmt{"-0700"}
        }
        "America:Winnipeg" {
            ec{"Вінніпеґ"}
            gmt{"-0600"}
        }
        "America:Yakutat" {
            ec{"Якутат"}
            gmt{"-0900"}
        }
        "America:Yellowknife" {
            ec{"Єллоунайф"}
            gmt{"-0700"}
        }
        "Antarctica:Casey" {
            ec{"Кейсі"}
            gmt{"+1100"}
        }
        "Antarctica:Davis" {
            ec{"Девіс"}
            gmt{"+0700"}
        }
        "Antarctica:DumontDUrville" {
            ec{"Дюмон-дʼЮрвіль"}
            gmt{"+1000"}
        }
        "Antarctica:Macquarie" {
            ec{"Маккуорі"}
            gmt{"+1100"}
        }
        "Antarctica:Mawson" {
            ec{"Моусон"}
            gmt{"+0500"}
        }
        "Antarctica:McMurdo" {
            ec{"Мак-Мердо"}
            gmt{"+1300"}
        }
        "Antarctica:Palmer" {
            ec{"Палмер"}
            gmt{"-0300"}
        }
        "Antarctica:Rothera" {
            ec{"Ротера"}
            gmt{"-0300"}
        }
        "Antarctica:Syowa" {
            ec{"Сьова"}
            gmt{"+0300"}
        }
        "Antarctica:Troll" {
            ec{"Тролл"}
            gmt{"+0000"}
        }
        "Antarctica:Vostok" {
            ec{"Восток"}
            gmt{"+0700"}
        }
        "Arctic:Longyearbyen" {
            ec{"Лонгʼїр"}
            gmt{"+0100"}
        }
        "Asia:Aden" {
            ec{"Аден"}
            gmt{"+0300"}
        }
        "Asia:Almaty" {
            ec{"Алмати"}
            gmt{"+0600"}
        }
        "Asia:Amman" {
            ec{"Амман"}
            gmt{"+0300"}
        }
        "Asia:Anadyr" {
            ec{"Анадир"}
            gmt{"+1200"}
        }
        "Asia:Aqtau" {
            ec{"Актау"}
            gmt{"+0500"}
        }
        "Asia:Aqtobe" {
            ec{"Актобе"}
            gmt{"+0500"}
        }
        "Asia:Ashgabat" {
            ec{"Ашгабат"}
            gmt{"+0500"}
        }
        "Asia:Atyrau" {
            ec{"Атирау"}
            gmt{"+0500"}
        }
        "Asia:Baghdad" {
            ec{"Багдад"}
            gmt{"+0300"}
        }
        "Asia:Bahrain" {
            ec{"Бахрейн"}
            gmt{"+0300"}
        }
        "Asia:Baku" {
            ec{"Баку"}
            gmt{"+0400"}
        }
        "Asia:Bangkok" {
            ec{"Бангкок"}
            gmt{"+0700"}
        }
        "Asia:Barnaul" {
            ec{"Барнаул"}
            gmt{"+0700"}
        }
        "Asia:Beirut" {
            ec{"Бейрут"}
            gmt{"+0200"}
        }
        "Asia:Bishkek" {
            ec{"Бішкек"}
            gmt{"+0600"}
        }
        "Asia:Brunei" {
            ec{"Бруней"}
            gmt{"+0800"}
        }
        "Asia:Calcutta" {
            ec{"Колката"}
            gmt{"+0530"}
        }
        "Asia:Chita" {
            ec{"Чита"}
            gmt{"+0900"}
        }
        "Asia:Choibalsan" {
            ec{"Чойбалсан"}
            gmt{"+0800"}
        }
        "Asia:Colombo" {
            ec{"Коломбо"}
            gmt{"+0530"}
        }
        "Asia:Damascus" {
            ec{"Дамаск"}
            gmt{"+0300"}
        }
        "Asia:Dhaka" {
            ec{"Дакка"}
            gmt{"+0600"}
        }
        "Asia:Dili" {
            ec{"Ділі"}
            gmt{"+0900"}
        }
        "Asia:Dubai" {
            ec{"Дубай"}
            gmt{"+0400"}
        }
        "Asia:Dushanbe" {
            ec{"Душанбе"}
            gmt{"+0500"}
        }
        "Asia:Famagusta" {
            ec{"Фамагуста"}
            gmt{"+0200"}
        }
        "Asia:Gaza" {
            ec{"Газа"}
            gmt{"+0200"}
        }
        "Asia:Hebron" {
            ec{"Хеврон"}
            gmt{"+0200"}
        }
        "Asia:Hong_Kong" {
            ec{"Гонконг"}
            gmt{"+0800"}
        }
        "Asia:Hovd" {
            ec{"Ховд"}
            gmt{"+0700"}
        }
        "Asia:Irkutsk" {
            ec{"Іркутськ"}
            gmt{"+0800"}
        }
        "Asia:Jakarta" {
            ec{"Джакарта"}
            gmt{"+0700"}
        }
        "Asia:Jayapura" {
            ec{"Джайпур"}
            gmt{"+0900"}
        }
        "Asia:Jerusalem" {
            ec{"Єрусалим"}
            gmt{"+0200"}
        }
        "Asia:Kabul" {
            ec{"Кабул"}
            gmt{"+0430"}
        }
        "Asia:Kamchatka" {
            ec{"Камчатка"}
            gmt{"+1200"}
        }
        "Asia:Karachi" {
            ec{"Карачі"}
            gmt{"+0500"}
        }
        "Asia:Katmandu" {
            ec{"Катманду"}
            gmt{"+0545"}
        }
        "Asia:Khandyga" {
            ec{"Хандига"}
            gmt{"+0900"}
        }
        "Asia:Krasnoyarsk" {
            ec{"Красноярськ"}
            gmt{"+0700"}
        }
        "Asia:Kuala_Lumpur" {
            ec{"Куала-Лумпур"}
            gmt{"+0800"}
        }
        "Asia:Kuching" {
            ec{"Кучинг"}
            gmt{"+0800"}
        }
        "Asia:Kuwait" {
            ec{"Кувейт"}
            gmt{"+0300"}
        }
        "Asia:Macau" {
            ec{"Макао"}
            gmt{"+0800"}
        }
        "Asia:Magadan" {
            ec{"Магадан"}
            gmt{"+1100"}
        }
        "Asia:Makassar" {
            ec{"Макассар"}
            gmt{"+0800"}
        }
        "Asia:Manila" {
            ec{"Маніла"}
            gmt{"+0800"}
        }
        "Asia:Muscat" {
            ec{"Маскат"}
            gmt{"+0400"}
        }
        "Asia:Nicosia" {
            ec{"Нікосія"}
            gmt{"+0200"}
        }
        "Asia:Novokuznetsk" {
            ec{"Новокузнецьк"}
            gmt{"+0700"}
        }
        "Asia:Novosibirsk" {
            ec{"Новосибірськ"}
            gmt{"+0700"}
        }
        "Asia:Omsk" {
            ec{"Омськ"}
            gmt{"+0600"}
        }
        "Asia:Oral" {
            ec{"Орал"}
            gmt{"+0500"}
        }
        "Asia:Phnom_Penh" {
            ec{"Пномпень"}
            gmt{"+0700"}
        }
        "Asia:Pontianak" {
            ec{"Понтіанак"}
            gmt{"+0700"}
        }
        "Asia:Pyongyang" {
            ec{"Пхеньян"}
            gmt{"+0900"}
        }
        "Asia:Qatar" {
            ec{"Катар"}
            gmt{"+0300"}
        }
        "Asia:Qostanay" {
            ec{"Костанай"}
            gmt{"+0600"}
        }
        "Asia:Qyzylorda" {
            ec{"Кизилорда"}
            gmt{"+0500"}
        }
        "Asia:Rangoon" {
            ec{"Янгон"}
            gmt{"+0630"}
        }
        "Asia:Riyadh" {
            ec{"Ер-Ріяд"}
            gmt{"+0300"}
        }
        "Asia:Saigon" {
            ec{"Хошимін"}
            gmt{"+0700"}
        }
        "Asia:Sakhalin" {
            ec{"Сахалін"}
            gmt{"+1100"}
        }
        "Asia:Samarkand" {
            ec{"Самарканд"}
            gmt{"+0500"}
        }
        "Asia:Seoul" {
            ec{"Сеул"}
            gmt{"+0900"}
        }
        "Asia:Shanghai" {
            ec{"Пекін"}
            gmt{"+0800"}
        }
        "Asia:Singapore" {
            ec{"Сінгапур"}
            gmt{"+0800"}
        }
        "Asia:Srednekolymsk" {
            ec{"Середньоколимськ"}
            gmt{"+1100"}
        }
        "Asia:Taipei" {
            ec{"Тайбей"}
            gmt{"+0800"}
        }
        "Asia:Tashkent" {
            ec{"Ташкент"}
            gmt{"+0500"}
        }
        "Asia:Tbilisi" {
            ec{"Тбілісі"}
            gmt{"+0400"}
        }
        "Asia:Tehran" {
            ec{"Тегеран"}
            gmt{"+0330"}
        }
        "Asia:Thimphu" {
            ec{"Тхімпху"}
            gmt{"+0600"}
        }
        "Asia:Tokyo" {
            ec{"Токіо"}
            gmt{"+0900"}
        }
        "Asia:Tomsk" {
            ec{"Томськ"}
            gmt{"+0700"}
        }
        "Asia:Ulaanbaatar" {
            ec{"Улан-Батор"}
            gmt{"+0800"}
        }
        "Asia:Urumqi" {
            ec{"Урумчі"}
            gmt{"+0600"}
        }
        "Asia:Ust-Nera"{
            ec{"Усть-Нера"}
        }
        "Asia:Vientiane" {
            ec{"Вʼєнтьян"}
            gmt{"+0700"}
        }
        "Asia:Vladivostok" {
            ec{"Владивосток"}
            gmt{"+1000"}
        }
        "Asia:Yakutsk" {
            ec{"Якутськ"}
            gmt{"+0900"}
        }
        "Asia:Yekaterinburg" {
            ec{"Єкатеринбург"}
            gmt{"+0500"}
        }
        "Asia:Yerevan" {
            ec{"Єреван"}
            gmt{"+0400"}
        }
        "Atlantic:Azores" {
            ec{"Азорські Острови"}
            gmt{"-0100"}
        }
        "Atlantic:Bermuda" {
            ec{"Бермуди"}
            gmt{"-0400"}
        }
        "Atlantic:Canary" {
            ec{"Канарські Острови"}
            gmt{"+0000"}
        }
        "Atlantic:Cape_Verde" {
            ec{"Кабо-Верде"}
            gmt{"-0100"}
        }
        "Atlantic:Faeroe" {
            ec{"Фарерські Острови"}
            gmt{"+0000"}
        }
        "Atlantic:Madeira" {
            ec{"Мадейра"}
            gmt{"+0000"}
        }
        "Atlantic:Reykjavik" {
            ec{"Рейкʼявік"}
            gmt{"+0000"}
        }
        "Atlantic:South_Georgia" {
            ec{"Південна Джорджія"}
            gmt{"-0200"}
        }
        "Atlantic:St_Helena" {
            ec{"Острів Святої Єлени"}
            gmt{"+0000"}
        }
        "Atlantic:Stanley" {
            ec{"Стенлі"}
            gmt{"-0300"}
        }
        "Australia:Adelaide" {
            ec{"Аделаїда"}
            gmt{"+1030"}
        }
        "Australia:Brisbane" {
            ec{"Брісбен"}
            gmt{"+1000"}
        }
        "Australia:Broken_Hill" {
            ec{"Брокен-Хілл"}
            gmt{"+1030"}
        }
        "Australia:Currie" {
            ec{"Каррі"}
            gmt{"+1100"}
        }
        "Australia:Darwin" {
            ec{"Дарвін"}
            gmt{"+0930"}
        }
        "Australia:Eucla" {
            ec{"Евкла"}
            gmt{"+0845"}
        }
        "Australia:Hobart" {
            ec{"Гобарт"}
            gmt{"+1100"}
        }
        "Australia:Lindeman" {
            ec{"Ліндеман"}
            gmt{"+1000"}
        }
        "Australia:Lord_Howe" {
            ec{"Лорд-Хау"}
            gmt{"+1100"}
        }
        "Australia:Melbourne" {
            ec{"Мельбурн"}
            gmt{"+1100"}
        }
        "Australia:Perth" {
            ec{"Перт"}
            gmt{"+0800"}
        }
        "Australia:Sydney" {
            ec{"Сідней"}
            gmt{"+1100"}
        }
        "Etc:UTC" {
            ls{"за всесвітнім координованим часом"}
            gmt{"+0000"}
        }
        "Etc:Unknown"{
            ec{"Невідоме місто"}
        }
        "Europe:Amsterdam" {
            ec{"Амстердам"}
            gmt{"+0100"}
        }
        "Europe:Andorra" {
            ec{"Андорра"}
            gmt{"+0100"}
        }
        "Europe:Astrakhan" {
            ec{"Астрахань"}
            gmt{"+0400"}
        }
        "Europe:Athens" {
            ec{"Афіни"}
            gmt{"+0200"}
        }
        "Europe:Belgrade" {
            ec{"Белград"}
            gmt{"+0100"}
        }
        "Europe:Berlin" {
            ec{"Берлін"}
            gmt{"+0100"}
        }
        "Europe:Bratislava" {
            ec{"Братислава"}
            gmt{"+0100"}
        }
        "Europe:Brussels" {
            ec{"Брюссель"}
            gmt{"+0100"}
        }
        "Europe:Bucharest" {
            ec{"Бухарест"}
            gmt{"+0200"}
        }
        "Europe:Budapest" {
            ec{"Будапешт"}
            gmt{"+0100"}
        }
        "Europe:Busingen" {
            ec{"Бюзінген"}
            gmt{"+0100"}
        }
        "Europe:Chisinau" {
            ec{"Кишинів"}
            gmt{"+0200"}
        }
        "Europe:Copenhagen" {
            ec{"Копенгаген"}
            gmt{"+0100"}
        }
        "Europe:Dublin" {
            ec{"Дублін"}
            gmt{"+0000"}
        }
        "Europe:Gibraltar" {
            ec{"Гібралтар"}
            gmt{"+0100"}
        }
        "Europe:Guernsey" {
            ec{"Гернсі"}
            gmt{"+0000"}
        }
        "Europe:Helsinki" {
            ec{"Гельсінкі"}
            gmt{"+0200"}
        }
        "Europe:Isle_of_Man" {
            ec{"Острів Мен"}
            gmt{"+0000"}
        }
        "Europe:Istanbul" {
            ec{"Стамбул"}
            gmt{"+0300"}
        }
        "Europe:Jersey" {
            ec{"Джерсі"}
            gmt{"+0000"}
        }
        "Europe:Kaliningrad" {
            ec{"Калінінград"}
            gmt{"+0200"}
        }
        "Europe:Kiev" {
            ec{"Київ"}
            gmt{"+0200"}
        }
        "Europe:Kirov" {
            ec{"Кіров"}
            gmt{"+0300"}
        }
        "Europe:Lisbon" {
            ec{"Лісабон"}
            gmt{"+0000"}
        }
        "Europe:Ljubljana" {
            ec{"Любляна"}
            gmt{"+0100"}
        }
        "Europe:London" {
            ec{"Лондон"}
            gmt{"+0000"}
        }
        "Europe:Luxembourg" {
            ec{"Люксембург"}
            gmt{"+0100"}
        }
        "Europe:Madrid" {
            ec{"Мадрид"}
            gmt{"+0100"}
        }
        "Europe:Malta" {
            ec{"Мальта"}
            gmt{"+0100"}
        }
        "Europe:Mariehamn" {
            ec{"Марієгамн"}
            gmt{"+0200"}
        }
        "Europe:Minsk" {
            ec{"Мінськ"}
            gmt{"+0300"}
        }
        "Europe:Monaco" {
            ec{"Монако"}
            gmt{"+0100"}
        }
        "Europe:Moscow" {
            ec{"Москва"}
            gmt{"+0300"}
        }
        "Europe:Oslo" {
            ec{"Осло"}
            gmt{"+0100"}
        }
        "Europe:Paris" {
            ec{"Париж"}
            gmt{"+0100"}
        }
        "Europe:Podgorica" {
            ec{"Подгориця"}
            gmt{"+0100"}
        }
        "Europe:Prague" {
            ec{"Прага"}
            gmt{"+0100"}
        }
        "Europe:Riga" {
            ec{"Рига"}
            gmt{"+0200"}
        }
        "Europe:Rome" {
            ec{"Рим"}
            gmt{"+0100"}
        }
        "Europe:Samara" {
            ec{"Самара"}
            gmt{"+0400"}
        }
        "Europe:San_Marino" {
            ec{"Сан-Марино"}
            gmt{"+0100"}
        }
        "Europe:Sarajevo" {
            ec{"Сараєво"}
            gmt{"+0100"}
        }
        "Europe:Saratov" {
            ec{"Саратов"}
            gmt{"+0400"}
        }
        "Europe:Simferopol" {
            ec{"Сімферополь"}
            gmt{"+0300"}
        }
        "Europe:Skopje" {
            ec{"Скопʼє"}
            gmt{"+0100"}
        }
        "Europe:Sofia" {
            ec{"Софія"}
            gmt{"+0200"}
        }
        "Europe:Stockholm" {
            ec{"Стокгольм"}
            gmt{"+0100"}
        }
        "Europe:Tallinn" {
            ec{"Таллінн"}
            gmt{"+0200"}
        }
        "Europe:Tirane" {
            ec{"Тирана"}
            gmt{"+0100"}
        }
        "Europe:Ulyanovsk" {
            ec{"Ульяновськ"}
            gmt{"+0400"}
        }
        "Europe:Uzhgorod" {
            ec{"Ужгород"}
            gmt{"+0200"}
        }
        "Europe:Vaduz" {
            ec{"Вадуц"}
            gmt{"+0100"}
        }
        "Europe:Vatican" {
            ec{"Ватикан"}
            gmt{"+0100"}
        }
        "Europe:Vienna" {
            ec{"Відень"}
            gmt{"+0100"}
        }
        "Europe:Vilnius" {
            ec{"Вільнюс"}
            gmt{"+0200"}
        }
        "Europe:Volgograd" {
            ec{"Волгоград"}
            gmt{"+0300"}
        }
        "Europe:Warsaw" {
            ec{"Варшава"}
            gmt{"+0100"}
        }
        "Europe:Zagreb" {
            ec{"Загреб"}
            gmt{"+0100"}
        }
        "Europe:Zaporozhye" {
            ec{"Запоріжжя"}
            gmt{"+0200"}
        }
        "Europe:Zurich" {
            ec{"Цюріх"}
            gmt{"+0100"}
        }
        "Indian:Antananarivo" {
            ec{"Антананаріву"}
            gmt{"+0300"}
        }
        "Indian:Chagos" {
            ec{"Чаґос"}
            gmt{"+0600"}
        }
        "Indian:Christmas" {
            ec{"Острів Різдва"}
            gmt{"+0700"}
        }
        "Indian:Cocos" {
            ec{"Кокосові Острови"}
            gmt{"+0630"}
        }
        "Indian:Comoro" {
            ec{"Комори"}
            gmt{"+0300"}
        }
        "Indian:Kerguelen" {
            ec{"Керґелен"}
            gmt{"+0500"}
        }
        "Indian:Mahe" {
            ec{"Махе"}
            gmt{"+0400"}
        }
        "Indian:Maldives" {
            ec{"Мальдіви"}
            gmt{"+0500"}
        }
        "Indian:Mauritius" {
            ec{"Маврікій"}
            gmt{"+0400"}
        }
        "Indian:Mayotte" {
            ec{"Майотта"}
            gmt{"+0300"}
        }
        "Indian:Reunion" {
            ec{"Реюньйон"}
            gmt{"+0400"}
        }
        "Pacific:Apia" {
            ec{"Апіа"}
            gmt{"+1300"}
        }
        "Pacific:Auckland" {
            ec{"Окленд"}
            gmt{"+1300"}
        }
        "Pacific:Bougainville" {
            ec{"Буґенвіль"}
            gmt{"+1100"}
        }
        "Pacific:Chatham" {
            ec{"Чатем"}
            gmt{"+1345"}
        }
        "Pacific:Easter" {
            ec{"Острів Пасхи"}
            gmt{"-0500"}
        }
        "Pacific:Efate" {
            ec{"Ефате"}
            gmt{"+1100"}
        }
        "Pacific:Enderbury" {
            ec{"Ендербері"}
            gmt{"+1300"}
        }
        "Pacific:Fakaofo" {
            ec{"Факаофо"}
            gmt{"+1300"}
        }
        "Pacific:Fiji" {
            ec{"Фіджі"}
            gmt{"+1200"}
        }
        "Pacific:Funafuti" {
            ec{"Фунафуті"}
            gmt{"+1200"}
        }
        "Pacific:Galapagos" {
            ec{"Ґалапаґос"}
            gmt{"-0600"}
        }
        "Pacific:Gambier" {
            ec{"Гамбʼє"}
            gmt{"-0900"}
        }
        "Pacific:Guadalcanal" {
            ec{"Гуадалканал"}
            gmt{"+1100"}
        }
        "Pacific:Guam" {
            ec{"Гуам"}
            gmt{"+1000"}
        }
        "Pacific:Honolulu" {
            ec{"Гаваї"}
            gmt{"-1000"}
        }
        "Pacific:Johnston" {
            ec{"Джонстон"}
            gmt{"-1000"}
        }
        "Pacific:Kiritimati" {
            ec{"Кірітіматі"}
            gmt{"+1400"}
        }
        "Pacific:Kosrae" {
            ec{"Косрае"}
            gmt{"+1100"}
        }
        "Pacific:Kwajalein" {
            ec{"Кваджалейн"}
            gmt{"+1200"}
        }
        "Pacific:Majuro" {
            ec{"Маджуро"}
            gmt{"+1200"}
        }
        "Pacific:Marquesas" {
            ec{"Маркізькі острови"}
            gmt{"-1030"}
        }
        "Pacific:Midway" {
            ec{"Мідвей"}
            gmt{"-1100"}
        }
        "Pacific:Nauru" {
            ec{"Науру"}
            gmt{"+1200"}
        }
        "Pacific:Niue" {
            ec{"Ніуе"}
            gmt{"-1100"}
        }
        "Pacific:Norfolk" {
            ec{"Норфолк"}
            gmt{"+1200"}
        }
        "Pacific:Noumea" {
            ec{"Нумеа"}
            gmt{"+1100"}
        }
        "Pacific:Pago_Pago" {
            ec{"Паго-Паго"}
            gmt{"-1100"}
        }
        "Pacific:Palau" {
            ec{"Палау"}
            gmt{"+0900"}
        }
        "Pacific:Pitcairn" {
            ec{"Піткерн"}
            gmt{"-0800"}
        }
        "Pacific:Ponape" {
            ec{"Понапе"}
            gmt{"+1100"}
        }
        "Pacific:Port_Moresby" {
            ec{"Порт-Морсбі"}
            gmt{"+1000"}
        }
        "Pacific:Rarotonga" {
            ec{"Раротонга"}
            gmt{"-1000"}
        }
        "Pacific:Saipan" {
            ec{"Сайпан"}
            gmt{"+1000"}
        }
        "Pacific:Tahiti" {
            ec{"Таїті"}
            gmt{"-1000"}
        }
        "Pacific:Tarawa" {
            ec{"Тарава"}
            gmt{"+1200"}
        }
        "Pacific:Tongatapu" {
            ec{"Тонгатапу"}
            gmt{"+1300"}
        }
        "Pacific:Truk" {
            ec{"Чуук"}
            gmt{"+1000"}
        }
        "Pacific:Wake" {
            ec{"Вейк"}
            gmt{"+1200"}
        }
        "Pacific:Wallis" {
            ec{"Уолліс"}
            gmt{"+1200"}
        }
    }
}
