// © 2016 and later: Unicode, Inc. and others.
// License & terms of use: http://www.unicode.org/copyright.html
// Generated using tools/cldr/cldr-to-icu/build-icu-data.xml
zh{
    zoneStrings{
        "Africa:Abidjan" {
            ec{"阿比让"}
            gmt{"+0000"}
        }
        "Africa:Accra" {
            ec{"阿克拉"}
            gmt{"+0000"}
        }
        "Africa:Addis_Ababa" {
            ec{"亚的斯亚贝巴"}
            gmt{"+0300"}
        }
        "Africa:Algiers" {
            ec{"阿尔及尔"}
            gmt{"+0100"}
        }
        "Africa:Asmera" {
            ec{"阿斯马拉"}
            gmt{"+0300"}
        }
        "Africa:Bamako" {
            ec{"巴马科"}
            gmt{"+0000"}
        }
        "Africa:Bangui" {
            ec{"班吉"}
            gmt{"+0100"}
        }
        "Africa:Banjul" {
            ec{"班珠尔"}
            gmt{"+0000"}
        }
        "Africa:Bissau" {
            ec{"比绍"}
            gmt{"+0000"}
        }
        "Africa:Blantyre" {
            ec{"布兰太尔"}
            gmt{"+0200"}
        }
        "Africa:Brazzaville" {
            ec{"布拉柴维尔"}
            gmt{"+0100"}
        }
        "Africa:Bujumbura" {
            ec{"布琼布拉"}
            gmt{"+0200"}
        }
        "Africa:Cairo" {
            ec{"开罗"}
            gmt{"+0200"}
        }
        "Africa:Casablanca" {
            ec{"卡萨布兰卡"}
            gmt{"+0100"}
        }
        "Africa:Ceuta" {
            ec{"休达"}
            gmt{"+0100"}
        }
        "Africa:Conakry" {
            ec{"科纳克里"}
            gmt{"+0000"}
        }
        "Africa:Dakar" {
            ec{"达喀尔"}
            gmt{"+0000"}
        }
        "Africa:Dar_es_Salaam" {
            ec{"达累斯萨拉姆"}
            gmt{"+0300"}
        }
        "Africa:Djibouti" {
            ec{"吉布提"}
            gmt{"+0300"}
        }
        "Africa:Douala" {
            ec{"杜阿拉"}
            gmt{"+0100"}
        }
        "Africa:El_Aaiun" {
            ec{"阿尤恩"}
            gmt{"+0100"}
        }
        "Africa:Freetown" {
            ec{"弗里敦"}
            gmt{"+0000"}
        }
        "Africa:Gaborone" {
            ec{"哈博罗内"}
            gmt{"+0200"}
        }
        "Africa:Harare" {
            ec{"哈拉雷"}
            gmt{"+0200"}
        }
        "Africa:Johannesburg" {
            ec{"约翰内斯堡"}
            gmt{"+0200"}
        }
        "Africa:Juba" {
            ec{"朱巴"}
            gmt{"+0200"}
        }
        "Africa:Kampala" {
            ec{"坎帕拉"}
            gmt{"+0300"}
        }
        "Africa:Khartoum" {
            ec{"喀土穆"}
            gmt{"+0200"}
        }
        "Africa:Kigali" {
            ec{"基加利"}
            gmt{"+0200"}
        }
        "Africa:Kinshasa" {
            ec{"金沙萨"}
            gmt{"+0100"}
        }
        "Africa:Lagos" {
            ec{"拉各斯"}
            gmt{"+0100"}
        }
        "Africa:Libreville" {
            ec{"利伯维尔"}
            gmt{"+0100"}
        }
        "Africa:Lome" {
            ec{"洛美"}
            gmt{"+0000"}
        }
        "Africa:Luanda" {
            ec{"罗安达"}
            gmt{"+0100"}
        }
        "Africa:Lubumbashi" {
            ec{"卢本巴希"}
            gmt{"+0200"}
        }
        "Africa:Lusaka" {
            ec{"卢萨卡"}
            gmt{"+0200"}
        }
        "Africa:Malabo" {
            ec{"马拉博"}
            gmt{"+0100"}
        }
        "Africa:Maputo" {
            ec{"马普托"}
            gmt{"+0200"}
        }
        "Africa:Maseru" {
            ec{"马塞卢"}
            gmt{"+0200"}
        }
        "Africa:Mbabane" {
            ec{"姆巴巴纳"}
            gmt{"+0200"}
        }
        "Africa:Mogadishu" {
            ec{"摩加迪沙"}
            gmt{"+0300"}
        }
        "Africa:Monrovia" {
            ec{"蒙罗维亚"}
            gmt{"+0000"}
        }
        "Africa:Nairobi" {
            ec{"内罗毕"}
            gmt{"+0300"}
        }
        "Africa:Ndjamena" {
            ec{"恩贾梅纳"}
            gmt{"+0100"}
        }
        "Africa:Niamey" {
            ec{"尼亚美"}
            gmt{"+0100"}
        }
        "Africa:Nouakchott" {
            ec{"努瓦克肖特"}
            gmt{"+0000"}
        }
        "Africa:Ouagadougou" {
            ec{"瓦加杜古"}
            gmt{"+0000"}
        }
        "Africa:Porto-Novo"{
            ec{"波多诺伏"}
        }
        "Africa:Sao_Tome" {
            ec{"圣多美"}
            gmt{"+0000"}
        }
        "Africa:Tripoli" {
            ec{"的黎波里"}
            gmt{"+0200"}
        }
        "Africa:Tunis" {
            ec{"突尼斯"}
            gmt{"+0100"}
        }
        "Africa:Windhoek" {
            ec{"温得和克"}
            gmt{"+0200"}
        }
        "America:Adak" {
            ec{"埃达克"}
            gmt{"-1000"}
        }
        "America:Anchorage" {
            ec{"安克雷奇"}
            gmt{"-0900"}
        }
        "America:Anguilla" {
            ec{"安圭拉"}
            gmt{"-0400"}
        }
        "America:Antigua" {
            ec{"安提瓜"}
            gmt{"-0400"}
        }
        "America:Araguaina" {
            ec{"阿拉瓜伊纳"}
            gmt{"-0300"}
        }
        "America:Argentina:La_Rioja" {
            ec{"拉里奥哈"}
            gmt{"-0300"}
        }
        "America:Argentina:Rio_Gallegos" {
            ec{"里奥加耶戈斯"}
            gmt{"-0300"}
        }
        "America:Argentina:Salta" {
            ec{"萨尔塔"}
            gmt{"-0300"}
        }
        "America:Argentina:San_Juan" {
            ec{"圣胡安"}
            gmt{"-0300"}
        }
        "America:Argentina:San_Luis" {
            ec{"圣路易斯"}
            gmt{"-0300"}
        }
        "America:Argentina:Tucuman" {
            ec{"图库曼"}
            gmt{"-0300"}
        }
        "America:Argentina:Ushuaia" {
            ec{"乌斯怀亚"}
            gmt{"-0300"}
        }
        "America:Aruba" {
            ec{"阿鲁巴"}
            gmt{"-0400"}
        }
        "America:Asuncion" {
            ec{"亚松森"}
            gmt{"-0300"}
        }
        "America:Bahia" {
            ec{"巴伊亚"}
            gmt{"-0300"}
        }
        "America:Bahia_Banderas" {
            ec{"巴伊亚班德拉斯"}
            gmt{"-0600"}
        }
        "America:Barbados" {
            ec{"巴巴多斯"}
            gmt{"-0400"}
        }
        "America:Belem" {
            ec{"贝伦"}
            gmt{"-0300"}
        }
        "America:Belize" {
            ec{"伯利兹"}
            gmt{"-0600"}
        }
        "America:Blanc-Sablon"{
            ec{"布兰克萨布隆"}
        }
        "America:Boa_Vista" {
            ec{"博阿维斯塔"}
            gmt{"-0400"}
        }
        "America:Bogota" {
            ec{"波哥大"}
            gmt{"-0500"}
        }
        "America:Boise" {
            ec{"博伊西"}
            gmt{"-0700"}
        }
        "America:Buenos_Aires" {
            ec{"布宜诺斯艾利斯"}
            gmt{"-0300"}
        }
        "America:Cambridge_Bay" {
            ec{"剑桥湾"}
            gmt{"-0700"}
        }
        "America:Campo_Grande" {
            ec{"大坎普"}
            gmt{"-0400"}
        }
        "America:Cancun" {
            ec{"坎昆"}
            gmt{"-0500"}
        }
        "America:Caracas" {
            ec{"加拉加斯"}
            gmt{"-0400"}
        }
        "America:Catamarca" {
            ec{"卡塔马卡"}
            gmt{"-0300"}
        }
        "America:Cayenne" {
            ec{"卡宴"}
            gmt{"-0300"}
        }
        "America:Cayman" {
            ec{"开曼"}
            gmt{"-0500"}
        }
        "America:Chicago" {
            ec{"芝加哥"}
            gmt{"-0600"}
        }
        "America:Chihuahua" {
            ec{"奇瓦瓦"}
            gmt{"-0600"}
        }
        "America:Coral_Harbour" {
            ec{"阿蒂科肯"}
            gmt{"-0500"}
        }
        "America:Cordoba" {
            ec{"科尔多瓦"}
            gmt{"-0300"}
        }
        "America:Costa_Rica" {
            ec{"哥斯达黎加"}
            gmt{"-0600"}
        }
        "America:Creston" {
            ec{"克雷斯顿"}
            gmt{"-0700"}
        }
        "America:Cuiaba" {
            ec{"库亚巴"}
            gmt{"-0400"}
        }
        "America:Curacao" {
            ec{"库拉索"}
            gmt{"-0400"}
        }
        "America:Danmarkshavn" {
            ec{"丹马沙文"}
            gmt{"+0000"}
        }
        "America:Dawson" {
            ec{"道森"}
            gmt{"-0700"}
        }
        "America:Dawson_Creek" {
            ec{"道森克里克"}
            gmt{"-0700"}
        }
        "America:Denver" {
            ec{"丹佛"}
            gmt{"-0700"}
        }
        "America:Detroit" {
            ec{"底特律"}
            gmt{"-0500"}
        }
        "America:Dominica" {
            ec{"多米尼加"}
            gmt{"-0400"}
        }
        "America:Edmonton" {
            ec{"埃德蒙顿"}
            gmt{"-0700"}
        }
        "America:Eirunepe" {
            ec{"依伦尼贝"}
            gmt{"-0500"}
        }
        "America:El_Salvador" {
            ec{"萨尔瓦多"}
            gmt{"-0600"}
        }
        "America:Fort_Nelson" {
            ec{"纳尔逊堡"}
            gmt{"-0700"}
        }
        "America:Fortaleza" {
            ec{"福塔雷萨"}
            gmt{"-0300"}
        }
        "America:Glace_Bay" {
            ec{"格莱斯贝"}
            gmt{"-0400"}
        }
        "America:Godthab" {
            ec{"努克"}
            gmt{"-0300"}
        }
        "America:Goose_Bay" {
            ec{"古斯湾"}
            gmt{"-0400"}
        }
        "America:Grand_Turk" {
            ec{"大特克"}
            gmt{"-0500"}
        }
        "America:Grenada" {
            ec{"格林纳达"}
            gmt{"-0400"}
        }
        "America:Guadeloupe" {
            ec{"瓜德罗普"}
            gmt{"-0400"}
        }
        "America:Guatemala" {
            ec{"危地马拉"}
            gmt{"-0600"}
        }
        "America:Guayaquil" {
            ec{"瓜亚基尔"}
            gmt{"-0500"}
        }
        "America:Guyana" {
            ec{"圭亚那"}
            gmt{"-0400"}
        }
        "America:Halifax" {
            ec{"哈利法克斯"}
            gmt{"-0400"}
        }
        "America:Havana" {
            ec{"哈瓦那"}
            gmt{"-0500"}
        }
        "America:Hermosillo" {
            ec{"埃莫西约"}
            gmt{"-0700"}
        }
        "America:Indiana:Knox" {
            ec{"印第安纳州诺克斯"}
            gmt{"-0600"}
        }
        "America:Indiana:Marengo" {
            ec{"印第安纳州马伦戈"}
            gmt{"-0500"}
        }
        "America:Indiana:Petersburg" {
            ec{"印第安纳州彼得斯堡"}
            gmt{"-0500"}
        }
        "America:Indiana:Tell_City" {
            ec{"印第安纳州特尔城"}
            gmt{"-0600"}
        }
        "America:Indiana:Vevay" {
            ec{"印第安纳州维维市"}
            gmt{"-0500"}
        }
        "America:Indiana:Vincennes" {
            ec{"印第安纳州温森斯"}
            gmt{"-0500"}
        }
        "America:Indiana:Winamac" {
            ec{"印第安纳州威纳马克"}
            gmt{"-0500"}
        }
        "America:Indianapolis" {
            ec{"印第安纳波利斯"}
            gmt{"-0500"}
        }
        "America:Inuvik" {
            ec{"伊努维克"}
            gmt{"-0700"}
        }
        "America:Iqaluit" {
            ec{"伊魁特"}
            gmt{"-0500"}
        }
        "America:Jamaica" {
            ec{"牙买加"}
            gmt{"-0500"}
        }
        "America:Jujuy" {
            ec{"胡胡伊"}
            gmt{"-0300"}
        }
        "America:Juneau" {
            ec{"朱诺"}
            gmt{"-0900"}
        }
        "America:Kentucky:Monticello" {
            ec{"肯塔基州蒙蒂塞洛"}
            gmt{"-0500"}
        }
        "America:Kralendijk" {
            ec{"克拉伦代克"}
            gmt{"-0400"}
        }
        "America:La_Paz" {
            ec{"拉巴斯"}
            gmt{"-0400"}
        }
        "America:Lima" {
            ec{"利马"}
            gmt{"-0500"}
        }
        "America:Los_Angeles" {
            ec{"洛杉矶"}
            gmt{"-0800"}
        }
        "America:Louisville" {
            ec{"路易斯维尔"}
            gmt{"-0500"}
        }
        "America:Lower_Princes" {
            ec{"下太子区"}
            gmt{"-0400"}
        }
        "America:Maceio" {
            ec{"马塞约"}
            gmt{"-0300"}
        }
        "America:Managua" {
            ec{"马那瓜"}
            gmt{"-0600"}
        }
        "America:Manaus" {
            ec{"马瑙斯"}
            gmt{"-0400"}
        }
        "America:Marigot" {
            ec{"马里戈特"}
            gmt{"-0400"}
        }
        "America:Martinique" {
            ec{"马提尼克"}
            gmt{"-0400"}
        }
        "America:Matamoros" {
            ec{"马塔莫罗斯"}
            gmt{"-0600"}
        }
        "America:Mazatlan" {
            ec{"马萨特兰"}
            gmt{"-0700"}
        }
        "America:Mendoza" {
            ec{"门多萨"}
            gmt{"-0300"}
        }
        "America:Menominee" {
            ec{"梅诺米尼"}
            gmt{"-0600"}
        }
        "America:Merida" {
            ec{"梅里达"}
            gmt{"-0600"}
        }
        "America:Metlakatla" {
            ec{"梅特拉卡特拉"}
            gmt{"-0900"}
        }
        "America:Mexico_City" {
            ec{"墨西哥城"}
            gmt{"-0600"}
        }
        "America:Miquelon" {
            ec{"密克隆"}
            gmt{"-0300"}
        }
        "America:Moncton" {
            ec{"蒙克顿"}
            gmt{"-0400"}
        }
        "America:Monterrey" {
            ec{"蒙特雷"}
            gmt{"-0600"}
        }
        "America:Montevideo" {
            ec{"蒙得维的亚"}
            gmt{"-0300"}
        }
        "America:Montserrat" {
            ec{"蒙特塞拉特"}
            gmt{"-0400"}
        }
        "America:Nassau" {
            ec{"拿骚"}
            gmt{"-0500"}
        }
        "America:New_York" {
            ec{"纽约"}
            gmt{"-0500"}
        }
        "America:Nipigon" {
            ec{"尼皮贡"}
            gmt{"-0500"}
        }
        "America:Nome" {
            ec{"诺姆"}
            gmt{"-0900"}
        }
        "America:Noronha" {
            ec{"洛罗尼亚"}
            gmt{"-0200"}
        }
        "America:North_Dakota:Beulah" {
            ec{"北达科他州比尤拉"}
            gmt{"-0600"}
        }
        "America:North_Dakota:Center" {
            ec{"北达科他州申特"}
            gmt{"-0600"}
        }
        "America:North_Dakota:New_Salem" {
            ec{"北达科他州新塞勒姆"}
            gmt{"-0600"}
        }
        "America:Ojinaga" {
            ec{"奥希纳加"}
            gmt{"-0600"}
        }
        "America:Panama" {
            ec{"巴拿马"}
            gmt{"-0500"}
        }
        "America:Pangnirtung" {
            ec{"旁涅唐"}
            gmt{"-0500"}
        }
        "America:Paramaribo" {
            ec{"帕拉马里博"}
            gmt{"-0300"}
        }
        "America:Phoenix" {
            ec{"凤凰城"}
            gmt{"-0700"}
        }
        "America:Port-au-Prince"{
            ec{"太子港"}
        }
        "America:Port_of_Spain" {
            ec{"西班牙港"}
            gmt{"-0400"}
        }
        "America:Porto_Velho" {
            ec{"波多韦柳"}
            gmt{"-0400"}
        }
        "America:Puerto_Rico" {
            ec{"波多黎各"}
            gmt{"-0400"}
        }
        "America:Punta_Arenas" {
            ec{"蓬塔阿雷纳斯"}
            gmt{"-0300"}
        }
        "America:Rainy_River" {
            ec{"雷尼河"}
            gmt{"-0600"}
        }
        "America:Rankin_Inlet" {
            ec{"兰今湾"}
            gmt{"-0600"}
        }
        "America:Recife" {
            ec{"累西腓"}
            gmt{"-0300"}
        }
        "America:Regina" {
            ec{"里贾纳"}
            gmt{"-0600"}
        }
        "America:Resolute" {
            ec{"雷索卢特"}
            gmt{"-0600"}
        }
        "America:Rio_Branco" {
            ec{"里奥布郎库"}
            gmt{"-0500"}
        }
        "America:Santa_Isabel" {
            ec{"圣伊萨贝尔"}
            gmt{"-0800"}
        }
        "America:Santarem" {
            ec{"圣塔伦"}
            gmt{"-0300"}
        }
        "America:Santiago" {
            ec{"圣地亚哥"}
            gmt{"-0300"}
        }
        "America:Santo_Domingo" {
            ec{"圣多明各"}
            gmt{"-0400"}
        }
        "America:Sao_Paulo" {
            ec{"圣保罗"}
            gmt{"-0300"}
        }
        "America:Scoresbysund" {
            ec{"斯科列斯比桑德"}
            gmt{"-0100"}
        }
        "America:Sitka" {
            ec{"锡特卡"}
            gmt{"-0900"}
        }
        "America:St_Barthelemy" {
            ec{"圣巴泰勒米岛"}
            gmt{"-0400"}
        }
        "America:St_Johns" {
            ec{"圣约翰斯"}
            gmt{"-0430"}
        }
        "America:St_Kitts" {
            ec{"圣基茨"}
            gmt{"-0400"}
        }
        "America:St_Lucia" {
            ec{"圣卢西亚"}
            gmt{"-0400"}
        }
        "America:St_Thomas" {
            ec{"圣托马斯"}
            gmt{"-0400"}
        }
        "America:St_Vincent" {
            ec{"圣文森特"}
            gmt{"-0400"}
        }
        "America:Swift_Current" {
            ec{"斯威夫特卡伦特"}
            gmt{"-0600"}
        }
        "America:Tegucigalpa" {
            ec{"特古西加尔巴"}
            gmt{"-0600"}
        }
        "America:Thule" {
            ec{"图勒"}
            gmt{"-0400"}
        }
        "America:Thunder_Bay" {
            ec{"桑德贝"}
            gmt{"-0500"}
        }
        "America:Tijuana" {
            ec{"蒂华纳"}
            gmt{"-0800"}
        }
        "America:Toronto" {
            ec{"多伦多"}
            gmt{"-0500"}
        }
        "America:Tortola" {
            ec{"托尔托拉"}
            gmt{"-0400"}
        }
        "America:Vancouver" {
            ec{"温哥华"}
            gmt{"-0800"}
        }
        "America:Whitehorse" {
            ec{"怀特霍斯"}
            gmt{"-0700"}
        }
        "America:Winnipeg" {
            ec{"温尼伯"}
            gmt{"-0600"}
        }
        "America:Yakutat" {
            ec{"亚库塔特"}
            gmt{"-0900"}
        }
        "America:Yellowknife" {
            ec{"耶洛奈夫"}
            gmt{"-0700"}
        }
        "Antarctica:Casey" {
            ec{"卡塞"}
            gmt{"+1100"}
        }
        "Antarctica:Davis" {
            ec{"戴维斯"}
            gmt{"+0700"}
        }
        "Antarctica:DumontDUrville" {
            ec{"迪蒙迪尔维尔"}
            gmt{"+1000"}
        }
        "Antarctica:Macquarie" {
            ec{"麦格理"}
            gmt{"+1100"}
        }
        "Antarctica:Mawson" {
            ec{"莫森"}
            gmt{"+0500"}
        }
        "Antarctica:McMurdo" {
            ec{"麦克默多"}
            gmt{"+1300"}
        }
        "Antarctica:Palmer" {
            ec{"帕默尔"}
            gmt{"-0300"}
        }
        "Antarctica:Rothera" {
            ec{"罗瑟拉"}
            gmt{"-0300"}
        }
        "Antarctica:Syowa" {
            ec{"昭和"}
            gmt{"+0300"}
        }
        "Antarctica:Troll" {
            ec{"特罗尔"}
            gmt{"+0000"}
        }
        "Antarctica:Vostok" {
            ec{"沃斯托克"}
            gmt{"+0700"}
        }
        "Arctic:Longyearbyen" {
            ec{"朗伊尔城"}
            gmt{"+0100"}
        }
        "Asia:Aden" {
            ec{"亚丁"}
            gmt{"+0300"}
        }
        "Asia:Almaty" {
            ec{"阿拉木图"}
            gmt{"+0600"}
        }
        "Asia:Amman" {
            ec{"安曼"}
            gmt{"+0300"}
        }
        "Asia:Anadyr" {
            ec{"阿纳德尔"}
            gmt{"+1200"}
        }
        "Asia:Aqtau" {
            ec{"阿克套"}
            gmt{"+0500"}
        }
        "Asia:Aqtobe" {
            ec{"阿克托别"}
            gmt{"+0500"}
        }
        "Asia:Ashgabat" {
            ec{"阿什哈巴德"}
            gmt{"+0500"}
        }
        "Asia:Atyrau" {
            ec{"阿特劳"}
            gmt{"+0500"}
        }
        "Asia:Baghdad" {
            ec{"巴格达"}
            gmt{"+0300"}
        }
        "Asia:Bahrain" {
            ec{"巴林"}
            gmt{"+0300"}
        }
        "Asia:Baku" {
            ec{"巴库"}
            gmt{"+0400"}
        }
        "Asia:Bangkok" {
            ec{"曼谷"}
            gmt{"+0700"}
        }
        "Asia:Barnaul" {
            ec{"巴尔瑙尔"}
            gmt{"+0700"}
        }
        "Asia:Beirut" {
            ec{"贝鲁特"}
            gmt{"+0200"}
        }
        "Asia:Bishkek" {
            ec{"比什凯克"}
            gmt{"+0600"}
        }
        "Asia:Brunei" {
            ec{"文莱"}
            gmt{"+0800"}
        }
        "Asia:Calcutta" {
            ec{"加尔各答"}
            gmt{"+0530"}
        }
        "Asia:Chita" {
            ec{"赤塔"}
            gmt{"+0900"}
        }
        "Asia:Choibalsan" {
            ec{"乔巴山"}
            gmt{"+0800"}
        }
        "Asia:Colombo" {
            ec{"科伦坡"}
            gmt{"+0530"}
        }
        "Asia:Damascus" {
            ec{"大马士革"}
            gmt{"+0300"}
        }
        "Asia:Dhaka" {
            ec{"达卡"}
            gmt{"+0600"}
        }
        "Asia:Dili" {
            ec{"帝力"}
            gmt{"+0900"}
        }
        "Asia:Dubai" {
            ec{"迪拜"}
            gmt{"+0400"}
        }
        "Asia:Dushanbe" {
            ec{"杜尚别"}
            gmt{"+0500"}
        }
        "Asia:Famagusta" {
            ec{"法马古斯塔"}
            gmt{"+0200"}
        }
        "Asia:Gaza" {
            ec{"加沙"}
            gmt{"+0200"}
        }
        "Asia:Hebron" {
            ec{"希伯伦"}
            gmt{"+0200"}
        }
        "Asia:Hong_Kong" {
            ec{"香港"}
            gmt{"+0800"}
        }
        "Asia:Hovd" {
            ec{"科布多"}
            gmt{"+0700"}
        }
        "Asia:Irkutsk" {
            ec{"伊尔库茨克"}
            gmt{"+0800"}
        }
        "Asia:Jakarta" {
            ec{"雅加达"}
            gmt{"+0700"}
        }
        "Asia:Jayapura" {
            ec{"查亚普拉"}
            gmt{"+0900"}
        }
        "Asia:Jerusalem" {
            ec{"耶路撒冷"}
            gmt{"+0200"}
        }
        "Asia:Kabul" {
            ec{"喀布尔"}
            gmt{"+0430"}
        }
        "Asia:Kamchatka" {
            ec{"堪察加"}
            gmt{"+1200"}
        }
        "Asia:Karachi" {
            ec{"卡拉奇"}
            gmt{"+0500"}
        }
        "Asia:Katmandu" {
            ec{"加德满都"}
            gmt{"+0545"}
        }
        "Asia:Khandyga" {
            ec{"汉德加"}
            gmt{"+0900"}
        }
        "Asia:Krasnoyarsk" {
            ec{"克拉斯诺亚尔斯克"}
            gmt{"+0700"}
        }
        "Asia:Kuala_Lumpur" {
            ec{"吉隆坡"}
            gmt{"+0800"}
        }
        "Asia:Kuching" {
            ec{"古晋"}
            gmt{"+0800"}
        }
        "Asia:Kuwait" {
            ec{"科威特"}
            gmt{"+0300"}
        }
        "Asia:Macau" {
            ec{"澳门"}
            gmt{"+0800"}
        }
        "Asia:Magadan" {
            ec{"马加丹"}
            gmt{"+1100"}
        }
        "Asia:Makassar" {
            ec{"望加锡"}
            gmt{"+0800"}
        }
        "Asia:Manila" {
            ec{"马尼拉"}
            gmt{"+0800"}
        }
        "Asia:Muscat" {
            ec{"马斯喀特"}
            gmt{"+0400"}
        }
        "Asia:Nicosia" {
            ec{"尼科西亚"}
            gmt{"+0200"}
        }
        "Asia:Novokuznetsk" {
            ec{"新库兹涅茨克"}
            gmt{"+0700"}
        }
        "Asia:Novosibirsk" {
            ec{"新西伯利亚"}
            gmt{"+0700"}
        }
        "Asia:Omsk" {
            ec{"鄂木斯克"}
            gmt{"+0600"}
        }
        "Asia:Oral" {
            ec{"乌拉尔"}
            gmt{"+0500"}
        }
        "Asia:Phnom_Penh" {
            ec{"金边"}
            gmt{"+0700"}
        }
        "Asia:Pontianak" {
            ec{"坤甸"}
            gmt{"+0700"}
        }
        "Asia:Pyongyang" {
            ec{"平壤"}
            gmt{"+0900"}
        }
        "Asia:Qatar" {
            ec{"卡塔尔"}
            gmt{"+0300"}
        }
        "Asia:Qostanay" {
            ec{"库斯塔奈"}
            gmt{"+0600"}
        }
        "Asia:Qyzylorda" {
            ec{"克孜洛尔达"}
            gmt{"+0500"}
        }
        "Asia:Rangoon" {
            ec{"仰光"}
            gmt{"+0630"}
        }
        "Asia:Riyadh" {
            ec{"利雅得"}
            gmt{"+0300"}
        }
        "Asia:Saigon" {
            ec{"胡志明市"}
            gmt{"+0700"}
        }
        "Asia:Sakhalin" {
            ec{"萨哈林"}
            gmt{"+1100"}
        }
        "Asia:Samarkand" {
            ec{"撒马尔罕"}
            gmt{"+0500"}
        }
        "Asia:Seoul" {
            ec{"首尔"}
            gmt{"+0900"}
        }
        "Asia:Shanghai" {
            ec{"北京"}
            gmt{"+0800"}
        }
        "Asia:Singapore" {
            ec{"新加坡"}
            gmt{"+0800"}
        }
        "Asia:Srednekolymsk" {
            ec{"中科雷姆斯克"}
            gmt{"+1100"}
        }
        "Asia:Taipei" {
            ec{"台北"}
            gmt{"+0800"}
        }
        "Asia:Tashkent" {
            ec{"塔什干"}
            gmt{"+0500"}
        }
        "Asia:Tbilisi" {
            ec{"第比利斯"}
            gmt{"+0400"}
        }
        "Asia:Tehran" {
            ec{"德黑兰"}
            gmt{"+0330"}
        }
        "Asia:Thimphu" {
            ec{"廷布"}
            gmt{"+0600"}
        }
        "Asia:Tokyo" {
            ec{"东京"}
            gmt{"+0900"}
        }
        "Asia:Tomsk" {
            ec{"托木斯克"}
            gmt{"+0700"}
        }
        "Asia:Ulaanbaatar" {
            ec{"乌兰巴托"}
            gmt{"+0800"}
        }
        "Asia:Urumqi" {
            ec{"乌鲁木齐"}
            gmt{"+0600"}
        }
        "Asia:Ust-Nera"{
            ec{"乌斯内拉"}
        }
        "Asia:Vientiane" {
            ec{"万象"}
            gmt{"+0700"}
        }
        "Asia:Vladivostok" {
            ec{"符拉迪沃斯托克"}
            gmt{"+1000"}
        }
        "Asia:Yakutsk" {
            ec{"雅库茨克"}
            gmt{"+0900"}
        }
        "Asia:Yekaterinburg" {
            ec{"叶卡捷琳堡"}
            gmt{"+0500"}
        }
        "Asia:Yerevan" {
            ec{"埃里温"}
            gmt{"+0400"}
        }
        "Atlantic:Azores" {
            ec{"亚速尔群岛"}
            gmt{"-0100"}
        }
        "Atlantic:Bermuda" {
            ec{"百慕大"}
            gmt{"-0400"}
        }
        "Atlantic:Canary" {
            ec{"加那利"}
            gmt{"+0000"}
        }
        "Atlantic:Cape_Verde" {
            ec{"佛得角"}
            gmt{"-0100"}
        }
        "Atlantic:Faeroe" {
            ec{"法罗"}
            gmt{"+0000"}
        }
        "Atlantic:Madeira" {
            ec{"马德拉"}
            gmt{"+0000"}
        }
        "Atlantic:Reykjavik" {
            ec{"雷克雅未克"}
            gmt{"+0000"}
        }
        "Atlantic:South_Georgia" {
            ec{"南乔治亚"}
            gmt{"-0200"}
        }
        "Atlantic:St_Helena" {
            ec{"圣赫勒拿"}
            gmt{"+0000"}
        }
        "Atlantic:Stanley" {
            ec{"斯坦利"}
            gmt{"-0300"}
        }
        "Australia:Adelaide" {
            ec{"阿德莱德"}
            gmt{"+1030"}
        }
        "Australia:Brisbane" {
            ec{"布里斯班"}
            gmt{"+1000"}
        }
        "Australia:Broken_Hill" {
            ec{"布罗肯希尔"}
            gmt{"+1030"}
        }
        "Australia:Currie" {
            ec{"库利"}
            gmt{"+1100"}
        }
        "Australia:Darwin" {
            ec{"达尔文"}
            gmt{"+0930"}
        }
        "Australia:Eucla" {
            ec{"尤克拉"}
            gmt{"+0845"}
        }
        "Australia:Hobart" {
            ec{"霍巴特"}
            gmt{"+1100"}
        }
        "Australia:Lindeman" {
            ec{"林德曼"}
            gmt{"+1000"}
        }
        "Australia:Lord_Howe" {
            ec{"豪勋爵"}
            gmt{"+1100"}
        }
        "Australia:Melbourne" {
            ec{"墨尔本"}
            gmt{"+1100"}
        }
        "Australia:Perth" {
            ec{"珀斯"}
            gmt{"+0800"}
        }
        "Australia:Sydney" {
            ec{"悉尼"}
            gmt{"+1100"}
        }
        "Etc:UTC" {
            ls{"协调世界时"}
            gmt{"+0000"}
        }
        "Etc:Unknown"{
            ec{"未知城市"}
        }
        "Europe:Amsterdam" {
            ec{"阿姆斯特丹"}
            gmt{"+0100"}
        }
        "Europe:Andorra" {
            ec{"安道尔"}
            gmt{"+0100"}
        }
        "Europe:Astrakhan" {
            ec{"阿斯特拉罕"}
            gmt{"+0400"}
        }
        "Europe:Athens" {
            ec{"雅典"}
            gmt{"+0200"}
        }
        "Europe:Belgrade" {
            ec{"贝尔格莱德"}
            gmt{"+0100"}
        }
        "Europe:Berlin" {
            ec{"柏林"}
            gmt{"+0100"}
        }
        "Europe:Bratislava" {
            ec{"布拉迪斯拉发"}
            gmt{"+0100"}
        }
        "Europe:Brussels" {
            ec{"布鲁塞尔"}
            gmt{"+0100"}
        }
        "Europe:Bucharest" {
            ec{"布加勒斯特"}
            gmt{"+0200"}
        }
        "Europe:Budapest" {
            ec{"布达佩斯"}
            gmt{"+0100"}
        }
        "Europe:Busingen" {
            ec{"布辛根"}
            gmt{"+0100"}
        }
        "Europe:Chisinau" {
            ec{"基希讷乌"}
            gmt{"+0200"}
        }
        "Europe:Copenhagen" {
            ec{"哥本哈根"}
            gmt{"+0100"}
        }
        "Europe:Dublin" {
            ec{"都柏林"}
            gmt{"+0000"}
        }
        "Europe:Gibraltar" {
            ec{"直布罗陀"}
            gmt{"+0100"}
        }
        "Europe:Guernsey" {
            ec{"根西岛"}
            gmt{"+0000"}
        }
        "Europe:Helsinki" {
            ec{"赫尔辛基"}
            gmt{"+0200"}
        }
        "Europe:Isle_of_Man" {
            ec{"马恩岛"}
            gmt{"+0000"}
        }
        "Europe:Istanbul" {
            ec{"伊斯坦布尔"}
            gmt{"+0300"}
        }
        "Europe:Jersey" {
            ec{"泽西岛"}
            gmt{"+0000"}
        }
        "Europe:Kaliningrad" {
            ec{"加里宁格勒"}
            gmt{"+0200"}
        }
        "Europe:Kiev" {
            ec{"基辅"}
            gmt{"+0200"}
        }
        "Europe:Kirov" {
            ec{"基洛夫"}
            gmt{"+0300"}
        }
        "Europe:Lisbon" {
            ec{"里斯本"}
            gmt{"+0000"}
        }
        "Europe:Ljubljana" {
            ec{"卢布尔雅那"}
            gmt{"+0100"}
        }
        "Europe:London" {
            ec{"伦敦"}
            gmt{"+0000"}
        }
        "Europe:Luxembourg" {
            ec{"卢森堡"}
            gmt{"+0100"}
        }
        "Europe:Madrid" {
            ec{"马德里"}
            gmt{"+0100"}
        }
        "Europe:Malta" {
            ec{"马耳他"}
            gmt{"+0100"}
        }
        "Europe:Mariehamn" {
            ec{"玛丽港"}
            gmt{"+0200"}
        }
        "Europe:Minsk" {
            ec{"明斯克"}
            gmt{"+0300"}
        }
        "Europe:Monaco" {
            ec{"摩纳哥"}
            gmt{"+0100"}
        }
        "Europe:Moscow" {
            ec{"莫斯科"}
            gmt{"+0300"}
        }
        "Europe:Oslo" {
            ec{"奥斯陆"}
            gmt{"+0100"}
        }
        "Europe:Paris" {
            ec{"巴黎"}
            gmt{"+0100"}
        }
        "Europe:Podgorica" {
            ec{"波德戈里察"}
            gmt{"+0100"}
        }
        "Europe:Prague" {
            ec{"布拉格"}
            gmt{"+0100"}
        }
        "Europe:Riga" {
            ec{"里加"}
            gmt{"+0200"}
        }
        "Europe:Rome" {
            ec{"罗马"}
            gmt{"+0100"}
        }
        "Europe:Samara" {
            ec{"萨马拉"}
            gmt{"+0400"}
        }
        "Europe:San_Marino" {
            ec{"圣马力诺"}
            gmt{"+0100"}
        }
        "Europe:Sarajevo" {
            ec{"萨拉热窝"}
            gmt{"+0100"}
        }
        "Europe:Saratov" {
            ec{"萨拉托夫"}
            gmt{"+0400"}
        }
        "Europe:Simferopol" {
            ec{"辛菲罗波尔"}
            gmt{"+0300"}
        }
        "Europe:Skopje" {
            ec{"斯科普里"}
            gmt{"+0100"}
        }
        "Europe:Sofia" {
            ec{"索非亚"}
            gmt{"+0200"}
        }
        "Europe:Stockholm" {
            ec{"斯德哥尔摩"}
            gmt{"+0100"}
        }
        "Europe:Tallinn" {
            ec{"塔林"}
            gmt{"+0200"}
        }
        "Europe:Tirane" {
            ec{"地拉那"}
            gmt{"+0100"}
        }
        "Europe:Ulyanovsk" {
            ec{"乌里扬诺夫斯克"}
            gmt{"+0400"}
        }
        "Europe:Uzhgorod" {
            ec{"乌日哥罗德"}
            gmt{"+0200"}
        }
        "Europe:Vaduz" {
            ec{"瓦杜兹"}
            gmt{"+0100"}
        }
        "Europe:Vatican" {
            ec{"梵蒂冈"}
            gmt{"+0100"}
        }
        "Europe:Vienna" {
            ec{"维也纳"}
            gmt{"+0100"}
        }
        "Europe:Vilnius" {
            ec{"维尔纽斯"}
            gmt{"+0200"}
        }
        "Europe:Volgograd" {
            ec{"伏尔加格勒"}
            gmt{"+0300"}
        }
        "Europe:Warsaw" {
            ec{"华沙"}
            gmt{"+0100"}
        }
        "Europe:Zagreb" {
            ec{"萨格勒布"}
            gmt{"+0100"}
        }
        "Europe:Zaporozhye" {
            ec{"扎波罗热"}
            gmt{"+0200"}
        }
        "Europe:Zurich" {
            ec{"苏黎世"}
            gmt{"+0100"}
        }
        "Indian:Antananarivo" {
            ec{"安塔那那利佛"}
            gmt{"+0300"}
        }
        "Indian:Chagos" {
            ec{"查戈斯"}
            gmt{"+0600"}
        }
        "Indian:Christmas" {
            ec{"圣诞岛"}
            gmt{"+0700"}
        }
        "Indian:Cocos" {
            ec{"可可斯"}
            gmt{"+0630"}
        }
        "Indian:Comoro" {
            ec{"科摩罗"}
            gmt{"+0300"}
        }
        "Indian:Kerguelen" {
            ec{"凯尔盖朗"}
            gmt{"+0500"}
        }
        "Indian:Mahe" {
            ec{"马埃岛"}
            gmt{"+0400"}
        }
        "Indian:Maldives" {
            ec{"马尔代夫"}
            gmt{"+0500"}
        }
        "Indian:Mauritius" {
            ec{"毛里求斯"}
            gmt{"+0400"}
        }
        "Indian:Mayotte" {
            ec{"马约特"}
            gmt{"+0300"}
        }
        "Indian:Reunion" {
            ec{"留尼汪"}
            gmt{"+0400"}
        }
        "Pacific:Apia" {
            ec{"阿皮亚"}
            gmt{"+1300"}
        }
        "Pacific:Auckland" {
            ec{"奥克兰"}
            gmt{"+1300"}
        }
        "Pacific:Bougainville" {
            ec{"布干维尔"}
            gmt{"+1100"}
        }
        "Pacific:Chatham" {
            ec{"查塔姆"}
            gmt{"+1345"}
        }
        "Pacific:Easter" {
            ec{"复活节岛"}
            gmt{"-0500"}
        }
        "Pacific:Efate" {
            ec{"埃法特"}
            gmt{"+1100"}
        }
        "Pacific:Enderbury" {
            ec{"恩德伯里"}
            gmt{"+1300"}
        }
        "Pacific:Fakaofo" {
            ec{"法考福"}
            gmt{"+1300"}
        }
        "Pacific:Fiji" {
            ec{"斐济"}
            gmt{"+1200"}
        }
        "Pacific:Funafuti" {
            ec{"富纳富提"}
            gmt{"+1200"}
        }
        "Pacific:Galapagos" {
            ec{"加拉帕戈斯"}
            gmt{"-0600"}
        }
        "Pacific:Gambier" {
            ec{"甘比尔"}
            gmt{"-0900"}
        }
        "Pacific:Guadalcanal" {
            ec{"瓜达尔卡纳尔"}
            gmt{"+1100"}
        }
        "Pacific:Guam" {
            ec{"关岛"}
            gmt{"+1000"}
        }
        "Pacific:Honolulu" {
            ec{"夏威夷"}
            gmt{"-1000"}
        }
        "Pacific:Johnston" {
            ec{"约翰斯顿"}
            gmt{"-1000"}
        }
        "Pacific:Kiritimati" {
            ec{"基里地马地岛"}
            gmt{"+1400"}
        }
        "Pacific:Kosrae" {
            ec{"库赛埃"}
            gmt{"+1100"}
        }
        "Pacific:Kwajalein" {
            ec{"夸贾林"}
            gmt{"+1200"}
        }
        "Pacific:Majuro" {
            ec{"马朱罗"}
            gmt{"+1200"}
        }
        "Pacific:Marquesas" {
            ec{"马克萨斯"}
            gmt{"-1030"}
        }
        "Pacific:Midway" {
            ec{"中途岛"}
            gmt{"-1100"}
        }
        "Pacific:Nauru" {
            ec{"瑙鲁"}
            gmt{"+1200"}
        }
        "Pacific:Niue" {
            ec{"纽埃"}
            gmt{"-1100"}
        }
        "Pacific:Norfolk" {
            ec{"诺福克"}
            gmt{"+1200"}
        }
        "Pacific:Noumea" {
            ec{"努美阿"}
            gmt{"+1100"}
        }
        "Pacific:Pago_Pago" {
            ec{"帕果帕果"}
            gmt{"-1100"}
        }
        "Pacific:Palau" {
            ec{"帕劳"}
            gmt{"+0900"}
        }
        "Pacific:Pitcairn" {
            ec{"皮特凯恩"}
            gmt{"-0800"}
        }
        "Pacific:Ponape" {
            ec{"波纳佩岛"}
            gmt{"+1100"}
        }
        "Pacific:Port_Moresby" {
            ec{"莫尔兹比港"}
            gmt{"+1000"}
        }
        "Pacific:Rarotonga" {
            ec{"拉罗汤加"}
            gmt{"-1000"}
        }
        "Pacific:Saipan" {
            ec{"塞班"}
            gmt{"+1000"}
        }
        "Pacific:Tahiti" {
            ec{"塔希提"}
            gmt{"-1000"}
        }
        "Pacific:Tarawa" {
            ec{"塔拉瓦"}
            gmt{"+1200"}
        }
        "Pacific:Tongatapu" {
            ec{"东加塔布"}
            gmt{"+1300"}
        }
        "Pacific:Truk" {
            ec{"特鲁克群岛"}
            gmt{"+1000"}
        }
        "Pacific:Wake" {
            ec{"威克"}
            gmt{"+1200"}
        }
        "Pacific:Wallis" {
            ec{"瓦利斯"}
            gmt{"+1200"}
        }
    }
}
